grade,year,assessed,enrolled,coverage_pct,not_assessed
4,2022-23,104015,409523.0,25.39906183535479,305508.0
5,2022-23,113164,430308.0,26.298372328657614,317144.0
6,2022-23,95523,404584.0,23.61017736736994,309061.0
4,2023-24,156940,397261.0,39.50551400716406,240321.0
5,2023-24,161979,398208.0,40.67698288331726,236229.0
6,2023-24,151938,411838.0,36.89266167764995,259900.0
4,2024-25,209867,427089.0,49.138938254087556,217222.0
5,2024-25,204008,386661.0,52.761462883507775,182653.0
6,2024-25,181653,378682.0,47.96980051864097,197029.0
