district,block,pct_mean_first,pct_floor_first,n_students_first,pct_mean_last,pct_floor_last,n_students_last,change_pp,floor_change_pp,annualised_pp,years,instrument_caveat
Vijayapura,B0161 muddebihal,79.73,60.0,150,51.98,10.0,6776,-27.75,-50.0,-13.88,2022-23 -> 2024-25,CAVEAT: items differ across years but map to a constant competency framework. Item-level year comparisons mix learning and instrument change; competency-level comparisons are more defensible (still assume similar difficulty within competency). Prefer rankings and competency-level statements across years.
Belagavi,B0098 mudalgi,71.21,45.0,293,46.66,10.0,7872,-24.55,-35.0,-12.28,2022-23 -> 2024-25,CAVEAT: items differ across years but map to a constant competency framework. Item-level year comparisons mix learning and instrument change; competency-level comparisons are more defensible (still assume similar difficulty within competency). Prefer rankings and competency-level statements across years.
Mandya,B0132 srirangapatna,74.65,50.0,1011,51.76,10.0,1198,-22.89,-40.0,-11.44,2022-23 -> 2024-25,CAVEAT: items differ across years but map to a constant competency framework. Item-level year comparisons mix learning and instrument change; competency-level comparisons are more defensible (still assume similar difficulty within competency). Prefer rankings and competency-level statements across years.
Vijayanagara,B0051 hadagali,61.9,20.0,2290,39.93,5.0,3486,-21.97,-15.0,-10.98,2022-23 -> 2024-25,CAVEAT: items differ across years but map to a constant competency framework. Item-level year comparisons mix learning and instrument change; competency-level comparisons are more defensible (still assume similar difficulty within competency). Prefer rankings and competency-level statements across years.
Ballari,B0117 sandur,54.69,10.0,3812,33.07,0.0,4935,-21.62,-10.0,-10.81,2022-23 -> 2024-25,CAVEAT: items differ across years but map to a constant competency framework. Item-level year comparisons mix learning and instrument change; competency-level comparisons are more defensible (still assume similar difficulty within competency). Prefer rankings and competency-level statements across years.
Mandya,B0109 pandavapura,78.74,60.0,732,57.32,20.0,1991,-21.42,-40.0,-10.71,2022-23 -> 2024-25,CAVEAT: items differ across years but map to a constant competency framework. Item-level year comparisons mix learning and instrument change; competency-level comparisons are more defensible (still assume similar difficulty within competency). Prefer rankings and competency-level statements across years.
Vijayapura,B0070 indi,74.75,40.0,428,54.48,10.0,6739,-20.27,-30.0,-10.14,2022-23 -> 2024-25,CAVEAT: items differ across years but map to a constant competency framework. Item-level year comparisons mix learning and instrument change; competency-level comparisons are more defensible (still assume similar difficulty within competency). Prefer rankings and competency-level statements across years.
Vijayanagara,B0065 hosapete,55.5,15.0,2878,35.53,5.0,4154,-19.97,-10.0,-9.98,2022-23 -> 2024-25,CAVEAT: items differ across years but map to a constant competency framework. Item-level year comparisons mix learning and instrument change; competency-level comparisons are more defensible (still assume similar difficulty within competency). Prefer rankings and competency-level statements across years.
Belagavi,B0110 raibag,74.34,40.0,294,55.15,15.0,3491,-19.19,-25.0,-9.6,2022-23 -> 2024-25,CAVEAT: items differ across years but map to a constant competency framework. Item-level year comparisons mix learning and instrument change; competency-level comparisons are more defensible (still assume similar difficulty within competency). Prefer rankings and competency-level statements across years.
Haveri,B0058 hirekerur,76.04,40.0,715,56.93,20.0,4610,-19.11,-20.0,-9.56,2022-23 -> 2024-25,CAVEAT: items differ across years but map to a constant competency framework. Item-level year comparisons mix learning and instrument change; competency-level comparisons are more defensible (still assume similar difficulty within competency). Prefer rankings and competency-level statements across years.
Haveri,B0053 hanagal,73.19,45.0,727,55.09,15.0,5373,-18.1,-30.0,-9.05,2022-23 -> 2024-25,CAVEAT: items differ across years but map to a constant competency framework. Item-level year comparisons mix learning and instrument change; competency-level comparisons are more defensible (still assume similar difficulty within competency). Prefer rankings and competency-level statements across years.
Belagavi,B0113 ramdurg,78.41,55.0,722,61.22,20.0,7016,-17.19,-35.0,-8.6,2022-23 -> 2024-25,CAVEAT: items differ across years but map to a constant competency framework. Item-level year comparisons mix learning and instrument change; competency-level comparisons are more defensible (still assume similar difficulty within competency). Prefer rankings and competency-level statements across years.
Bagalkote,B0072 jamakhandi,73.91,45.0,586,57.44,15.0,6743,-16.47,-30.0,-8.23,2022-23 -> 2024-25,CAVEAT: items differ across years but map to a constant competency framework. Item-level year comparisons mix learning and instrument change; competency-level comparisons are more defensible (still assume similar difficulty within competency). Prefer rankings and competency-level statements across years.
Vijayapura,B0125 sindagi,65.63,25.0,418,50.08,10.0,8922,-15.55,-15.0,-7.78,2022-23 -> 2024-25,CAVEAT: items differ across years but map to a constant competency framework. Item-level year comparisons mix learning and instrument change; competency-level comparisons are more defensible (still assume similar difficulty within competency). Prefer rankings and competency-level statements across years.
Bidar,B0068 humnabad,58.96,15.0,3642,43.73,5.0,3150,-15.23,-10.0,-7.62,2022-23 -> 2024-25,CAVEAT: items differ across years but map to a constant competency framework. Item-level year comparisons mix learning and instrument change; competency-level comparisons are more defensible (still assume similar difficulty within competency). Prefer rankings and competency-level statements across years.
Vijayanagara,B0055 harapanahalli,50.41,10.0,5234,35.74,0.0,6614,-14.67,-10.0,-7.34,2022-23 -> 2024-25,CAVEAT: items differ across years but map to a constant competency framework. Item-level year comparisons mix learning and instrument change; competency-level comparisons are more defensible (still assume similar difficulty within competency). Prefer rankings and competency-level statements across years.
Haveri,B0149 haveri,70.86,35.0,741,56.21,20.0,4867,-14.65,-15.0,-7.32,2022-23 -> 2024-25,CAVEAT: items differ across years but map to a constant competency framework. Item-level year comparisons mix learning and instrument change; competency-level comparisons are more defensible (still assume similar difficulty within competency). Prefer rankings and competency-level statements across years.
Koppal,B0081 koppal,57.85,20.0,4645,43.3,5.0,6089,-14.55,-15.0,-7.28,2022-23 -> 2024-25,CAVEAT: items differ across years but map to a constant competency framework. Item-level year comparisons mix learning and instrument change; competency-level comparisons are more defensible (still assume similar difficulty within competency). Prefer rankings and competency-level statements across years.
Yadgir,B0123 shorapur,59.33,15.0,5883,44.91,5.0,7942,-14.42,-10.0,-7.21,2022-23 -> 2024-25,CAVEAT: items differ across years but map to a constant competency framework. Item-level year comparisons mix learning and instrument change; competency-level comparisons are more defensible (still assume similar difficulty within competency). Prefer rankings and competency-level statements across years.
Koppal,B0044 gangavathi,55.24,15.0,4939,40.84,5.0,5879,-14.4,-10.0,-7.2,2022-23 -> 2024-25,CAVEAT: items differ across years but map to a constant competency framework. Item-level year comparisons mix learning and instrument change; competency-level comparisons are more defensible (still assume similar difficulty within competency). Prefer rankings and competency-level statements across years.
Belagavi,B0011 bailhongal,74.79,50.0,1496,60.71,20.0,6364,-14.08,-30.0,-7.04,2022-23 -> 2024-25,CAVEAT: items differ across years but map to a constant competency framework. Item-level year comparisons mix learning and instrument change; competency-level comparisons are more defensible (still assume similar difficulty within competency). Prefer rankings and competency-level statements across years.
Vijayapura,B0139 vijayapura rural,80.23,55.0,453,66.39,25.0,10572,-13.84,-30.0,-6.92,2022-23 -> 2024-25,CAVEAT: items differ across years but map to a constant competency framework. Item-level year comparisons mix learning and instrument change; competency-level comparisons are more defensible (still assume similar difficulty within competency). Prefer rankings and competency-level statements across years.
Ballari,B0013 ballari west,47.32,10.0,2013,33.73,0.0,2842,-13.59,-10.0,-6.8,2022-23 -> 2024-25,CAVEAT: items differ across years but map to a constant competency framework. Item-level year comparisons mix learning and instrument change; competency-level comparisons are more defensible (still assume similar difficulty within competency). Prefer rankings and competency-level statements across years.
Mandya,B0103 nagamangala,73.29,45.0,1979,60.3,20.0,1923,-12.99,-25.0,-6.5,2022-23 -> 2024-25,CAVEAT: items differ across years but map to a constant competency framework. Item-level year comparisons mix learning and instrument change; competency-level comparisons are more defensible (still assume similar difficulty within competency). Prefer rankings and competency-level statements across years.
Hassan,B0018 belur,72.89,45.0,419,60.04,25.0,2913,-12.85,-20.0,-6.42,2022-23 -> 2024-25,CAVEAT: items differ across years but map to a constant competency framework. Item-level year comparisons mix learning and instrument change; competency-level comparisons are more defensible (still assume similar difficulty within competency). Prefer rankings and competency-level statements across years.
Tumakuru,B0137 turuvekere,79.06,50.0,2133,66.59,30.0,2049,-12.47,-20.0,-6.24,2022-23 -> 2024-25,CAVEAT: items differ across years but map to a constant competency framework. Item-level year comparisons mix learning and instrument change; competency-level comparisons are more defensible (still assume similar difficulty within competency). Prefer rankings and competency-level statements across years.
Dharwad,B0086 kundagol,74.38,45.0,1974,62.21,25.0,4265,-12.17,-20.0,-6.08,2022-23 -> 2024-25,CAVEAT: items differ across years but map to a constant competency framework. Item-level year comparisons mix learning and instrument change; competency-level comparisons are more defensible (still assume similar difficulty within competency). Prefer rankings and competency-level statements across years.
Hassan,B0116 sakaleshapura,71.01,40.0,348,59.09,20.0,1609,-11.92,-20.0,-5.96,2022-23 -> 2024-25,CAVEAT: items differ across years but map to a constant competency framework. Item-level year comparisons mix learning and instrument change; competency-level comparisons are more defensible (still assume similar difficulty within competency). Prefer rankings and competency-level statements across years.
Mandya,B0093 malavally,67.33,30.0,698,55.42,20.0,3251,-11.91,-10.0,-5.96,2022-23 -> 2024-25,CAVEAT: items differ across years but map to a constant competency framework. Item-level year comparisons mix learning and instrument change; competency-level comparisons are more defensible (still assume similar difficulty within competency). Prefer rankings and competency-level statements across years.
Koppal,B0088 kustagi,54.18,15.0,4759,42.43,5.0,5421,-11.75,-10.0,-5.88,2022-23 -> 2024-25,CAVEAT: items differ across years but map to a constant competency framework. Item-level year comparisons mix learning and instrument change; competency-level comparisons are more defensible (still assume similar difficulty within competency). Prefer rankings and competency-level statements across years.
Haveri,B0114 ranebennur,74.51,45.0,853,62.81,25.0,5091,-11.7,-20.0,-5.85,2022-23 -> 2024-25,CAVEAT: items differ across years but map to a constant competency framework. Item-level year comparisons mix learning and instrument change; competency-level comparisons are more defensible (still assume similar difficulty within competency). Prefer rankings and competency-level statements across years.
Vijayanagara,B0084 kudligi,50.74,10.0,4782,39.42,0.0,5197,-11.32,-10.0,-5.66,2022-23 -> 2024-25,CAVEAT: items differ across years but map to a constant competency framework. Item-level year comparisons mix learning and instrument change; competency-level comparisons are more defensible (still assume similar difficulty within competency). Prefer rankings and competency-level statements across years.
Belagavi,B0017 belgaum rural,77.4,55.0,791,66.48,35.0,6507,-10.92,-20.0,-5.46,2022-23 -> 2024-25,CAVEAT: items differ across years but map to a constant competency framework. Item-level year comparisons mix learning and instrument change; competency-level comparisons are more defensible (still assume similar difficulty within competency). Prefer rankings and competency-level statements across years.
Haveri,B0118 savanur,70.67,45.0,736,59.77,20.0,3787,-10.9,-25.0,-5.45,2022-23 -> 2024-25,CAVEAT: items differ across years but map to a constant competency framework. Item-level year comparisons mix learning and instrument change; competency-level comparisons are more defensible (still assume similar difficulty within competency). Prefer rankings and competency-level statements across years.
Belagavi,B0045 gokak,75.07,45.0,302,64.25,25.0,3088,-10.82,-20.0,-5.41,2022-23 -> 2024-25,CAVEAT: items differ across years but map to a constant competency framework. Item-level year comparisons mix learning and instrument change; competency-level comparisons are more defensible (still assume similar difficulty within competency). Prefer rankings and competency-level statements across years.
Vijayapura,B0016 basavan bagewadi,76.33,50.0,422,65.51,20.0,7499,-10.82,-30.0,-5.41,2022-23 -> 2024-25,CAVEAT: items differ across years but map to a constant competency framework. Item-level year comparisons mix learning and instrument change; competency-level comparisons are more defensible (still assume similar difficulty within competency). Prefer rankings and competency-level statements across years.
Koppal,B0143 yelburga,52.35,10.0,3742,41.8,5.0,3560,-10.55,-5.0,-5.28,2022-23 -> 2024-25,CAVEAT: items differ across years but map to a constant competency framework. Item-level year comparisons mix learning and instrument change; competency-level comparisons are more defensible (still assume similar difficulty within competency). Prefer rankings and competency-level statements across years.
Tumakuru,B0136 tumkur,72.62,35.0,2058,62.42,25.0,4391,-10.2,-10.0,-5.1,2022-23 -> 2024-25,CAVEAT: items differ across years but map to a constant competency framework. Item-level year comparisons mix learning and instrument change; competency-level comparisons are more defensible (still assume similar difficulty within competency). Prefer rankings and competency-level statements across years.
Bagalkote,B0099 mudhol,58.45,25.0,645,48.28,10.0,4666,-10.17,-15.0,-5.08,2022-23 -> 2024-25,CAVEAT: items differ across years but map to a constant competency framework. Item-level year comparisons mix learning and instrument change; competency-level comparisons are more defensible (still assume similar difficulty within competency). Prefer rankings and competency-level statements across years.
Tumakuru,B0135 tiptur,74.45,45.0,1879,64.36,30.0,2402,-10.09,-15.0,-5.04,2022-23 -> 2024-25,CAVEAT: items differ across years but map to a constant competency framework. Item-level year comparisons mix learning and instrument change; competency-level comparisons are more defensible (still assume similar difficulty within competency). Prefer rankings and competency-level statements across years.
Gadag,B0043 gadag rural,57.12,15.0,2598,47.18,10.0,5089,-9.94,-5.0,-4.97,2022-23 -> 2024-25,CAVEAT: items differ across years but map to a constant competency framework. Item-level year comparisons mix learning and instrument change; competency-level comparisons are more defensible (still assume similar difficulty within competency). Prefer rankings and competency-level statements across years.
Belagavi,B0006 athani,63.14,25.0,298,53.22,15.0,6444,-9.92,-10.0,-4.96,2022-23 -> 2024-25,CAVEAT: items differ across years but map to a constant competency framework. Item-level year comparisons mix learning and instrument change; competency-level comparisons are more defensible (still assume similar difficulty within competency). Prefer rankings and competency-level statements across years.
Ballari,B0128 siruguppa,46.77,10.0,4317,36.95,0.0,5975,-9.82,-10.0,-4.91,2022-23 -> 2024-25,CAVEAT: items differ across years but map to a constant competency framework. Item-level year comparisons mix learning and instrument change; competency-level comparisons are more defensible (still assume similar difficulty within competency). Prefer rankings and competency-level statements across years.
Dharwad,B0066 hubli,71.5,40.0,3008,61.77,20.0,4250,-9.73,-20.0,-4.86,2022-23 -> 2024-25,CAVEAT: items differ across years but map to a constant competency framework. Item-level year comparisons mix learning and instrument change; competency-level comparisons are more defensible (still assume similar difficulty within competency). Prefer rankings and competency-level statements across years.
Bagalkote,B0069 hunagund,69.1,35.0,577,59.77,15.0,5471,-9.33,-20.0,-4.66,2022-23 -> 2024-25,CAVEAT: items differ across years but map to a constant competency framework. Item-level year comparisons mix learning and instrument change; competency-level comparisons are more defensible (still assume similar difficulty within competency). Prefer rankings and competency-level statements across years.
Kalaburagi,B0001 afzalpur,52.96,8.0,3607,43.84,5.0,3469,-9.12,-3.0,-4.56,2022-23 -> 2024-25,CAVEAT: items differ across years but map to a constant competency framework. Item-level year comparisons mix learning and instrument change; competency-level comparisons are more defensible (still assume similar difficulty within competency). Prefer rankings and competency-level statements across years.
Yadgir,B0120 shahapur,52.44,10.0,4472,43.4,5.0,5234,-9.04,-5.0,-4.52,2022-23 -> 2024-25,CAVEAT: items differ across years but map to a constant competency framework. Item-level year comparisons mix learning and instrument change; competency-level comparisons are more defensible (still assume similar difficulty within competency). Prefer rankings and competency-level statements across years.
Tumakuru,B0082 koratagere,67.54,35.0,821,58.59,20.0,2349,-8.95,-15.0,-4.48,2022-23 -> 2024-25,CAVEAT: items differ across years but map to a constant competency framework. Item-level year comparisons mix learning and instrument change; competency-level comparisons are more defensible (still assume similar difficulty within competency). Prefer rankings and competency-level statements across years.
Hassan,B0061 holenarasipura,59.87,20.0,837,50.95,15.0,2432,-8.92,-5.0,-4.46,2022-23 -> 2024-25,CAVEAT: items differ across years but map to a constant competency framework. Item-level year comparisons mix learning and instrument change; competency-level comparisons are more defensible (still assume similar difficulty within competency). Prefer rankings and competency-level statements across years.
Dharwad,B0106 navalgund,60.28,20.0,3473,51.45,10.0,3456,-8.83,-10.0,-4.42,2022-23 -> 2024-25,CAVEAT: items differ across years but map to a constant competency framework. Item-level year comparisons mix learning and instrument change; competency-level comparisons are more defensible (still assume similar difficulty within competency). Prefer rankings and competency-level statements across years.
Kalaburagi,B0119 sedam,43.71,5.0,3742,34.93,5.0,3405,-8.78,0.0,-4.39,2022-23 -> 2024-25,CAVEAT: items differ across years but map to a constant competency framework. Item-level year comparisons mix learning and instrument change; competency-level comparisons are more defensible (still assume similar difficulty within competency). Prefer rankings and competency-level statements across years.
Raichur,B0039 devadurga,47.5,10.0,5794,38.81,5.0,4432,-8.69,-5.0,-4.34,2022-23 -> 2024-25,CAVEAT: items differ across years but map to a constant competency framework. Item-level year comparisons mix learning and instrument change; competency-level comparisons are more defensible (still assume similar difficulty within competency). Prefer rankings and competency-level statements across years.
Davanagere,B0056 harihara,58.86,15.0,1437,50.22,10.0,3161,-8.64,-5.0,-4.32,2022-23 -> 2024-25,CAVEAT: items differ across years but map to a constant competency framework. Item-level year comparisons mix learning and instrument change; competency-level comparisons are more defensible (still assume similar difficulty within competency). Prefer rankings and competency-level statements across years.
Koppal,B0085 kuknoor,50.89,10.0,2083,42.46,5.0,2107,-8.43,-5.0,-4.22,2022-23 -> 2024-25,CAVEAT: items differ across years but map to a constant competency framework. Item-level year comparisons mix learning and instrument change; competency-level comparisons are more defensible (still assume similar difficulty within competency). Prefer rankings and competency-level statements across years.
Hassan,B0004 arakalagudu,61.07,25.0,766,52.71,15.0,3236,-8.36,-10.0,-4.18,2022-23 -> 2024-25,CAVEAT: items differ across years but map to a constant competency framework. Item-level year comparisons mix learning and instrument change; competency-level comparisons are more defensible (still assume similar difficulty within competency). Prefer rankings and competency-level statements across years.
Chitradurga,B0026 challakere,43.4,5.0,7526,35.15,0.0,6970,-8.25,-5.0,-4.12,2022-23 -> 2024-25,CAVEAT: items differ across years but map to a constant competency framework. Item-level year comparisons mix learning and instrument change; competency-level comparisons are more defensible (still assume similar difficulty within competency). Prefer rankings and competency-level statements across years.
Belagavi,B0078 khanapur,70.5,35.0,781,62.29,25.0,2011,-8.21,-10.0,-4.1,2022-23 -> 2024-25,CAVEAT: items differ across years but map to a constant competency framework. Item-level year comparisons mix learning and instrument change; competency-level comparisons are more defensible (still assume similar difficulty within competency). Prefer rankings and competency-level statements across years.
Tumakuru,B0127 sira,61.09,20.0,2850,53.18,15.0,5252,-7.91,-5.0,-3.96,2022-23 -> 2024-25,CAVEAT: items differ across years but map to a constant competency framework. Item-level year comparisons mix learning and instrument change; competency-level comparisons are more defensible (still assume similar difficulty within competency). Prefer rankings and competency-level statements across years.
Davanagere,B0062 honnali,53.42,10.0,1622,45.58,10.0,3947,-7.84,0.0,-3.92,2022-23 -> 2024-25,CAVEAT: items differ across years but map to a constant competency framework. Item-level year comparisons mix learning and instrument change; competency-level comparisons are more defensible (still assume similar difficulty within competency). Prefer rankings and competency-level statements across years.
Bagalkote,B0008 badami,69.17,35.0,615,61.37,20.0,8403,-7.8,-15.0,-3.9,2022-23 -> 2024-25,CAVEAT: items differ across years but map to a constant competency framework. Item-level year comparisons mix learning and instrument change; competency-level comparisons are more defensible (still assume similar difficulty within competency). Prefer rankings and competency-level statements across years.
Ramanagara,B0077 kanakapura,63.79,25.0,951,56.13,15.0,3375,-7.66,-10.0,-3.83,2022-23 -> 2024-25,CAVEAT: items differ across years but map to a constant competency framework. Item-level year comparisons mix learning and instrument change; competency-level comparisons are more defensible (still assume similar difficulty within competency). Prefer rankings and competency-level statements across years.
Tumakuru,B0031 chiknayakanhalli,67.89,30.0,2447,60.45,25.0,3124,-7.44,-5.0,-3.72,2022-23 -> 2024-25,CAVEAT: items differ across years but map to a constant competency framework. Item-level year comparisons mix learning and instrument change; competency-level comparisons are more defensible (still assume similar difficulty within competency). Prefer rankings and competency-level statements across years.
Chitradurga,B0060 holalkere,53.75,10.0,3321,46.42,10.0,3170,-7.33,0.0,-3.66,2022-23 -> 2024-25,CAVEAT: items differ across years but map to a constant competency framework. Item-level year comparisons mix learning and instrument change; competency-level comparisons are more defensible (still assume similar difficulty within competency). Prefer rankings and competency-level statements across years.
Kalaburagi,B0048 gulbarga north,51.36,10.0,2059,44.1,10.0,1539,-7.26,0.0,-3.63,2022-23 -> 2024-25,CAVEAT: items differ across years but map to a constant competency framework. Item-level year comparisons mix learning and instrument change; competency-level comparisons are more defensible (still assume similar difficulty within competency). Prefer rankings and competency-level statements across years.
Haveri,B0121 shiggoan,71.3,37.5,606,64.06,30.0,2764,-7.24,-7.5,-3.62,2022-23 -> 2024-25,CAVEAT: items differ across years but map to a constant competency framework. Item-level year comparisons mix learning and instrument change; competency-level comparisons are more defensible (still assume similar difficulty within competency). Prefer rankings and competency-level statements across years.
Belagavi,B0032 chikodi,79.71,50.0,241,72.57,40.0,4229,-7.14,-10.0,-3.57,2022-23 -> 2024-25,CAVEAT: items differ across years but map to a constant competency framework. Item-level year comparisons mix learning and instrument change; competency-level comparisons are more defensible (still assume similar difficulty within competency). Prefer rankings and competency-level statements across years.
Bidar,B0019 bhalki,47.35,5.0,3155,40.24,5.0,2841,-7.11,0.0,-3.56,2022-23 -> 2024-25,CAVEAT: items differ across years but map to a constant competency framework. Item-level year comparisons mix learning and instrument change; competency-level comparisons are more defensible (still assume similar difficulty within competency). Prefer rankings and competency-level statements across years.
Vijayanagara,B0052 hagaribommanahalli,47.9,5.0,3694,40.81,5.0,3931,-7.09,0.0,-3.54,2022-23 -> 2024-25,CAVEAT: items differ across years but map to a constant competency framework. Item-level year comparisons mix learning and instrument change; competency-level comparisons are more defensible (still assume similar difficulty within competency). Prefer rankings and competency-level statements across years.
Davanagere,B0071 jagalur,43.86,5.0,1318,36.89,5.0,3866,-6.97,0.0,-3.48,2022-23 -> 2024-25,CAVEAT: items differ across years but map to a constant competency framework. Item-level year comparisons mix learning and instrument change; competency-level comparisons are more defensible (still assume similar difficulty within competency). Prefer rankings and competency-level statements across years.
Kalaburagi,B0002 aland,48.18,5.0,5797,41.27,5.0,5092,-6.91,0.0,-3.46,2022-23 -> 2024-25,CAVEAT: items differ across years but map to a constant competency framework. Item-level year comparisons mix learning and instrument change; competency-level comparisons are more defensible (still assume similar difficulty within competency). Prefer rankings and competency-level statements across years.
Chamarajanagara,B0050 gundlupet,54.53,15.0,3263,47.65,10.0,2846,-6.88,-5.0,-3.44,2022-23 -> 2024-25,CAVEAT: items differ across years but map to a constant competency framework. Item-level year comparisons mix learning and instrument change; competency-level comparisons are more defensible (still assume similar difficulty within competency). Prefer rankings and competency-level statements across years.
Chamarajanagara,B0027 chamarajanagar,56.23,15.0,3543,49.39,10.0,3746,-6.84,-5.0,-3.42,2022-23 -> 2024-25,CAVEAT: items differ across years but map to a constant competency framework. Item-level year comparisons mix learning and instrument change; competency-level comparisons are more defensible (still assume similar difficulty within competency). Prefer rankings and competency-level statements across years.
Bengaluru Rural,B0064 hosakote,60.7,20.0,2589,53.92,15.0,2512,-6.78,-5.0,-3.39,2022-23 -> 2024-25,CAVEAT: items differ across years but map to a constant competency framework. Item-level year comparisons mix learning and instrument change; competency-level comparisons are more defensible (still assume similar difficulty within competency). Prefer rankings and competency-level statements across years.
Dharwad,B0041 dharwad,73.17,40.0,7230,66.47,30.0,8492,-6.7,-10.0,-3.35,2022-23 -> 2024-25,CAVEAT: items differ across years but map to a constant competency framework. Item-level year comparisons mix learning and instrument change; competency-level comparisons are more defensible (still assume similar difficulty within competency). Prefer rankings and competency-level statements across years.
Yadgir,B0141 yadgir,49.74,10.0,3900,43.06,5.0,3703,-6.68,-5.0,-3.34,2022-23 -> 2024-25,CAVEAT: items differ across years but map to a constant competency framework. Item-level year comparisons mix learning and instrument change; competency-level comparisons are more defensible (still assume similar difficulty within competency). Prefer rankings and competency-level statements across years.
Bidar,B0020 bidar,47.01,5.0,2849,40.34,5.0,2727,-6.67,0.0,-3.34,2022-23 -> 2024-25,CAVEAT: items differ across years but map to a constant competency framework. Item-level year comparisons mix learning and instrument change; competency-level comparisons are more defensible (still assume similar difficulty within competency). Prefer rankings and competency-level statements across years.
Haveri,B0023 byadagi,66.36,30.0,767,59.85,20.0,2580,-6.51,-10.0,-3.26,2022-23 -> 2024-25,CAVEAT: items differ across years but map to a constant competency framework. Item-level year comparisons mix learning and instrument change; competency-level comparisons are more defensible (still assume similar difficulty within competency). Prefer rankings and competency-level statements across years.
Tumakuru,B0087 kunigal,68.36,30.0,2005,62.12,25.0,2534,-6.24,-5.0,-3.12,2022-23 -> 2024-25,CAVEAT: items differ across years but map to a constant competency framework. Item-level year comparisons mix learning and instrument change; competency-level comparisons are more defensible (still assume similar difficulty within competency). Prefer rankings and competency-level statements across years.
Bagalkote,B0021 bilagi,62.56,20.0,994,56.49,15.0,4171,-6.07,-5.0,-3.04,2022-23 -> 2024-25,CAVEAT: items differ across years but map to a constant competency framework. Item-level year comparisons mix learning and instrument change; competency-level comparisons are more defensible (still assume similar difficulty within competency). Prefer rankings and competency-level statements across years.
Raichur,B0126 sindhanur,50.31,10.0,5221,44.46,10.0,4938,-5.85,0.0,-2.92,2022-23 -> 2024-25,CAVEAT: items differ across years but map to a constant competency framework. Item-level year comparisons mix learning and instrument change; competency-level comparisons are more defensible (still assume similar difficulty within competency). Prefer rankings and competency-level statements across years.
Bidar,B0015 basavakalyan,47.04,5.0,3706,41.25,5.0,3463,-5.79,0.0,-2.9,2022-23 -> 2024-25,CAVEAT: items differ across years but map to a constant competency framework. Item-level year comparisons mix learning and instrument change; competency-level comparisons are more defensible (still assume similar difficulty within competency). Prefer rankings and competency-level statements across years.
Bidar,B0007 aurad,61.6,20.0,1937,55.86,15.0,2495,-5.74,-5.0,-2.87,2022-23 -> 2024-25,CAVEAT: items differ across years but map to a constant competency framework. Item-level year comparisons mix learning and instrument change; competency-level comparisons are more defensible (still assume similar difficulty within competency). Prefer rankings and competency-level statements across years.
Kalaburagi,B0049 gulbarga south,44.53,5.0,2792,38.89,5.0,2200,-5.64,0.0,-2.82,2022-23 -> 2024-25,CAVEAT: items differ across years but map to a constant competency framework. Item-level year comparisons mix learning and instrument change; competency-level comparisons are more defensible (still assume similar difficulty within competency). Prefer rankings and competency-level statements across years.
Tumakuru,B0091 madhugiri,58.42,12.5,436,52.81,15.0,4010,-5.61,2.5,-2.8,2022-23 -> 2024-25,CAVEAT: items differ across years but map to a constant competency framework. Item-level year comparisons mix learning and instrument change; competency-level comparisons are more defensible (still assume similar difficulty within competency). Prefer rankings and competency-level statements across years.
Mandya,B0090 maddur,62.47,25.0,551,56.89,20.0,2448,-5.58,-5.0,-2.79,2022-23 -> 2024-25,CAVEAT: items differ across years but map to a constant competency framework. Item-level year comparisons mix learning and instrument change; competency-level comparisons are more defensible (still assume similar difficulty within competency). Prefer rankings and competency-level statements across years.
Kalaburagi,B0036 chittapur,39.54,0.0,5228,34.09,5.0,4366,-5.45,5.0,-2.72,2022-23 -> 2024-25,CAVEAT: items differ across years but map to a constant competency framework. Item-level year comparisons mix learning and instrument change; competency-level comparisons are more defensible (still assume similar difficulty within competency). Prefer rankings and competency-level statements across years.
Bagalkote,B0009 bagalkot,75.83,40.0,332,70.41,35.0,5222,-5.42,-5.0,-2.71,2022-23 -> 2024-25,CAVEAT: items differ across years but map to a constant competency framework. Item-level year comparisons mix learning and instrument change; competency-level comparisons are more defensible (still assume similar difficulty within competency). Prefer rankings and competency-level statements across years.
Bengaluru Rural,B0042 doddaballapura,60.75,20.0,2818,55.34,20.0,2159,-5.41,0.0,-2.7,2022-23 -> 2024-25,CAVEAT: items differ across years but map to a constant competency framework. Item-level year comparisons mix learning and instrument change; competency-level comparisons are more defensible (still assume similar difficulty within competency). Prefer rankings and competency-level statements across years.
Chikkaballapura,B0030 chikkaballapur,56.6,15.0,2370,51.23,15.0,2423,-5.37,0.0,-2.68,2022-23 -> 2024-25,CAVEAT: items differ across years but map to a constant competency framework. Item-level year comparisons mix learning and instrument change; competency-level comparisons are more defensible (still assume similar difficulty within competency). Prefer rankings and competency-level statements across years.
Ballari,B0012 ballari east,46.17,5.0,3980,40.86,5.0,5027,-5.31,0.0,-2.66,2022-23 -> 2024-25,CAVEAT: items differ across years but map to a constant competency framework. Item-level year comparisons mix learning and instrument change; competency-level comparisons are more defensible (still assume similar difficulty within competency). Prefer rankings and competency-level statements across years.
Kodagu,B0092 madikeri,59.62,20.0,1769,54.47,20.0,1441,-5.15,0.0,-2.58,2022-23 -> 2024-25,CAVEAT: items differ across years but map to a constant competency framework. Item-level year comparisons mix learning and instrument change; competency-level comparisons are more defensible (still assume similar difficulty within competency). Prefer rankings and competency-level statements across years.
Gadag,B0105 naragund,57.79,15.0,1241,52.68,12.0,1885,-5.11,-3.0,-2.56,2022-23 -> 2024-25,CAVEAT: items differ across years but map to a constant competency framework. Item-level year comparisons mix learning and instrument change; competency-level comparisons are more defensible (still assume similar difficulty within competency). Prefer rankings and competency-level statements across years.
Tumakuru,B0046 gubbi,77.68,45.0,4054,72.81,30.0,3798,-4.87,-15.0,-2.44,2022-23 -> 2024-25,CAVEAT: items differ across years but map to a constant competency framework. Item-level year comparisons mix learning and instrument change; competency-level comparisons are more defensible (still assume similar difficulty within competency). Prefer rankings and competency-level statements across years.
Kolar,B0100 mulbagal,57.77,10.0,499,53.01,10.0,3064,-4.76,0.0,-2.38,2022-23 -> 2024-25,CAVEAT: items differ across years but map to a constant competency framework. Item-level year comparisons mix learning and instrument change; competency-level comparisons are more defensible (still assume similar difficulty within competency). Prefer rankings and competency-level statements across years.
Belagavi,B0067 hukkeri,73.58,50.0,300,68.86,35.0,7559,-4.72,-15.0,-2.36,2022-23 -> 2024-25,CAVEAT: items differ across years but map to a constant competency framework. Item-level year comparisons mix learning and instrument change; competency-level comparisons are more defensible (still assume similar difficulty within competency). Prefer rankings and competency-level statements across years.
Chikkaballapura,B0124 sidlaghatta,54.7,15.0,2526,50.04,15.0,2490,-4.66,0.0,-2.33,2022-23 -> 2024-25,CAVEAT: items differ across years but map to a constant competency framework. Item-level year comparisons mix learning and instrument change; competency-level comparisons are more defensible (still assume similar difficulty within competency). Prefer rankings and competency-level statements across years.
Kodagu,B0129 somavarpet,62.6,25.0,1404,58.06,25.0,1464,-4.54,0.0,-2.27,2022-23 -> 2024-25,CAVEAT: items differ across years but map to a constant competency framework. Item-level year comparisons mix learning and instrument change; competency-level comparisons are more defensible (still assume similar difficulty within competency). Prefer rankings and competency-level statements across years.
Hassan,B0005 arasikere,65.52,30.0,833,61.06,20.0,3472,-4.46,-10.0,-2.23,2022-23 -> 2024-25,CAVEAT: items differ across years but map to a constant competency framework. Item-level year comparisons mix learning and instrument change; competency-level comparisons are more defensible (still assume similar difficulty within competency). Prefer rankings and competency-level statements across years.
Raichur,B0096 manvi,52.48,10.0,4775,48.2,10.0,4245,-4.28,0.0,-2.14,2022-23 -> 2024-25,CAVEAT: items differ across years but map to a constant competency framework. Item-level year comparisons mix learning and instrument change; competency-level comparisons are more defensible (still assume similar difficulty within competency). Prefer rankings and competency-level statements across years.
Chikkaballapura,B0047 gudibanda,49.52,10.0,796,45.34,10.0,878,-4.18,0.0,-2.09,2022-23 -> 2024-25,CAVEAT: items differ across years but map to a constant competency framework. Item-level year comparisons mix learning and instrument change; competency-level comparisons are more defensible (still assume similar difficulty within competency). Prefer rankings and competency-level statements across years.
Kolar,B0079 kolar,60.04,20.0,1251,55.91,15.0,3456,-4.13,-5.0,-2.06,2022-23 -> 2024-25,CAVEAT: items differ across years but map to a constant competency framework. Item-level year comparisons mix learning and instrument change; competency-level comparisons are more defensible (still assume similar difficulty within competency). Prefer rankings and competency-level statements across years.
Kalaburagi,B0033 chincholi,44.97,5.0,4470,40.99,5.0,3875,-3.98,0.0,-1.99,2022-23 -> 2024-25,CAVEAT: items differ across years but map to a constant competency framework. Item-level year comparisons mix learning and instrument change; competency-level comparisons are more defensible (still assume similar difficulty within competency). Prefer rankings and competency-level statements across years.
Hassan,B0003 alur,70.49,30.0,518,66.54,25.0,1126,-3.95,-5.0,-1.98,2022-23 -> 2024-25,CAVEAT: items differ across years but map to a constant competency framework. Item-level year comparisons mix learning and instrument change; competency-level comparisons are more defensible (still assume similar difficulty within competency). Prefer rankings and competency-level statements across years.
Chitradurga,B0035 chitradurga,44.21,5.0,6121,40.32,5.0,6164,-3.89,0.0,-1.94,2022-23 -> 2024-25,CAVEAT: items differ across years but map to a constant competency framework. Item-level year comparisons mix learning and instrument change; competency-level comparisons are more defensible (still assume similar difficulty within competency). Prefer rankings and competency-level statements across years.
Davanagere,B0038 davanagere(s),59.43,25.0,318,55.62,15.0,2327,-3.81,-10.0,-1.9,2022-23 -> 2024-25,CAVEAT: items differ across years but map to a constant competency framework. Item-level year comparisons mix learning and instrument change; competency-level comparisons are more defensible (still assume similar difficulty within competency). Prefer rankings and competency-level statements across years.
Gadag,B0102 mundaragi,52.8,15.0,2150,49.06,10.0,3147,-3.74,-5.0,-1.87,2022-23 -> 2024-25,CAVEAT: items differ across years but map to a constant competency framework. Item-level year comparisons mix learning and instrument change; competency-level comparisons are more defensible (still assume similar difficulty within competency). Prefer rankings and competency-level statements across years.
Raichur,B0089 lingasugur,47.25,10.0,5551,43.86,10.0,5072,-3.39,0.0,-1.7,2022-23 -> 2024-25,CAVEAT: items differ across years but map to a constant competency framework. Item-level year comparisons mix learning and instrument change; competency-level comparisons are more defensible (still assume similar difficulty within competency). Prefer rankings and competency-level statements across years.
Chamarajanagara,B0080 kollegala,54.61,10.0,1712,51.3,15.0,1610,-3.31,5.0,-1.66,2022-23 -> 2024-25,CAVEAT: items differ across years but map to a constant competency framework. Item-level year comparisons mix learning and instrument change; competency-level comparisons are more defensible (still assume similar difficulty within competency). Prefer rankings and competency-level statements across years.
Kolar,B0131 srinivasapur,58.57,15.0,2463,55.31,10.0,2090,-3.26,-5.0,-1.63,2022-23 -> 2024-25,CAVEAT: items differ across years but map to a constant competency framework. Item-level year comparisons mix learning and instrument change; competency-level comparisons are more defensible (still assume similar difficulty within competency). Prefer rankings and competency-level statements across years.
Bengaluru Rural,B0107 nelamangala,63.9,25.0,2148,60.78,25.0,1927,-3.12,0.0,-1.56,2022-23 -> 2024-25,CAVEAT: items differ across years but map to a constant competency framework. Item-level year comparisons mix learning and instrument change; competency-level comparisons are more defensible (still assume similar difficulty within competency). Prefer rankings and competency-level statements across years.
Hassan,B0057 hassan,69.06,30.0,953,65.95,30.0,2658,-3.11,0.0,-1.56,2022-23 -> 2024-25,CAVEAT: items differ across years but map to a constant competency framework. Item-level year comparisons mix learning and instrument change; competency-level comparisons are more defensible (still assume similar difficulty within competency). Prefer rankings and competency-level statements across years.
Chikkaballapura,B0010 bagepally,45.94,5.0,2301,42.89,5.0,2184,-3.05,0.0,-1.52,2022-23 -> 2024-25,CAVEAT: items differ across years but map to a constant competency framework. Item-level year comparisons mix learning and instrument change; competency-level comparisons are more defensible (still assume similar difficulty within competency). Prefer rankings and competency-level statements across years.
Chikkaballapura,B0034 chintamani,57.14,15.0,2995,54.31,15.0,2712,-2.83,0.0,-1.42,2022-23 -> 2024-25,CAVEAT: items differ across years but map to a constant competency framework. Item-level year comparisons mix learning and instrument change; competency-level comparisons are more defensible (still assume similar difficulty within competency). Prefer rankings and competency-level statements across years.
Vijayapura,B0025 chadachan,73.02,23.0,399,70.26,30.0,4243,-2.76,7.0,-1.38,2022-23 -> 2024-25,CAVEAT: items differ across years but map to a constant competency framework. Item-level year comparisons mix learning and instrument change; competency-level comparisons are more defensible (still assume similar difficulty within competency). Prefer rankings and competency-level statements across years.
Belagavi,B0075 kagwad,54.32,15.0,205,51.65,10.0,1098,-2.67,-5.0,-1.34,2022-23 -> 2024-25,CAVEAT: items differ across years but map to a constant competency framework. Item-level year comparisons mix learning and instrument change; competency-level comparisons are more defensible (still assume similar difficulty within competency). Prefer rankings and competency-level statements across years.
Kolar,B0094 malur,54.35,15.0,1163,51.96,15.0,2749,-2.39,0.0,-1.2,2022-23 -> 2024-25,CAVEAT: items differ across years but map to a constant competency framework. Item-level year comparisons mix learning and instrument change; competency-level comparisons are more defensible (still assume similar difficulty within competency). Prefer rankings and competency-level statements across years.
Gadag,B0115 ron,58.88,20.0,3003,56.67,15.0,6233,-2.21,-5.0,-1.1,2022-23 -> 2024-25,CAVEAT: items differ across years but map to a constant competency framework. Item-level year comparisons mix learning and instrument change; competency-level comparisons are more defensible (still assume similar difficulty within competency). Prefer rankings and competency-level statements across years.
Belagavi,B0130 soundatti,70.57,45.0,690,68.5,35.0,6351,-2.07,-10.0,-1.04,2022-23 -> 2024-25,CAVEAT: items differ across years but map to a constant competency framework. Item-level year comparisons mix learning and instrument change; competency-level comparisons are more defensible (still assume similar difficulty within competency). Prefer rankings and competency-level statements across years.
Raichur,B0111 raichur,50.08,10.0,5420,48.05,5.0,4444,-2.03,-5.0,-1.02,2022-23 -> 2024-25,CAVEAT: items differ across years but map to a constant competency framework. Item-level year comparisons mix learning and instrument change; competency-level comparisons are more defensible (still assume similar difficulty within competency). Prefer rankings and competency-level statements across years.
Chitradurga,B0063 hosadurga,52.3,10.0,4465,50.84,10.0,4266,-1.46,0.0,-0.73,2022-23 -> 2024-25,CAVEAT: items differ across years but map to a constant competency framework. Item-level year comparisons mix learning and instrument change; competency-level comparisons are more defensible (still assume similar difficulty within competency). Prefer rankings and competency-level statements across years.
Chitradurga,B0059 hiriyur,49.66,10.0,4871,48.27,5.0,4947,-1.39,-5.0,-0.7,2022-23 -> 2024-25,CAVEAT: items differ across years but map to a constant competency framework. Item-level year comparisons mix learning and instrument change; competency-level comparisons are more defensible (still assume similar difficulty within competency). Prefer rankings and competency-level statements across years.
Bengaluru Rural,B0040 devanahalli,82.68,57.5,2056,81.57,55.0,2223,-1.11,-2.5,-0.56,2022-23 -> 2024-25,CAVEAT: items differ across years but map to a constant competency framework. Item-level year comparisons mix learning and instrument change; competency-level comparisons are more defensible (still assume similar difficulty within competency). Prefer rankings and competency-level statements across years.
Chitradurga,B0097 molakalmur,31.47,0.0,3317,30.56,0.0,3898,-0.91,0.0,-0.46,2022-23 -> 2024-25,CAVEAT: items differ across years but map to a constant competency framework. Item-level year comparisons mix learning and instrument change; competency-level comparisons are more defensible (still assume similar difficulty within competency). Prefer rankings and competency-level statements across years.
Dharwad,B0076 kalghatagi,58.41,15.0,4263,57.96,20.0,4583,-0.45,5.0,-0.22,2022-23 -> 2024-25,CAVEAT: items differ across years but map to a constant competency framework. Item-level year comparisons mix learning and instrument change; competency-level comparisons are more defensible (still assume similar difficulty within competency). Prefer rankings and competency-level statements across years.
Kalaburagi,B0073 jewargi,47.76,5.0,5959,47.46,10.0,5819,-0.3,5.0,-0.15,2022-23 -> 2024-25,CAVEAT: items differ across years but map to a constant competency framework. Item-level year comparisons mix learning and instrument change; competency-level comparisons are more defensible (still assume similar difficulty within competency). Prefer rankings and competency-level statements across years.
Ramanagara,B0112 ramanagara,75.18,50.0,525,76.24,40.0,1766,1.06,-10.0,0.53,2022-23 -> 2024-25,CAVEAT: items differ across years but map to a constant competency framework. Item-level year comparisons mix learning and instrument change; competency-level comparisons are more defensible (still assume similar difficulty within competency). Prefer rankings and competency-level statements across years.
Chamarajanagara,B0054 hanur,50.28,10.0,2252,51.37,10.0,1820,1.09,0.0,0.54,2022-23 -> 2024-25,CAVEAT: items differ across years but map to a constant competency framework. Item-level year comparisons mix learning and instrument change; competency-level comparisons are more defensible (still assume similar difficulty within competency). Prefer rankings and competency-level statements across years.
Gadag,B0122 shirhatti,54.98,15.0,2847,56.99,20.0,4486,2.01,5.0,1.0,2022-23 -> 2024-25,CAVEAT: items differ across years but map to a constant competency framework. Item-level year comparisons mix learning and instrument change; competency-level comparisons are more defensible (still assume similar difficulty within competency). Prefer rankings and competency-level statements across years.
Mysuru,B0104 nanjanagud,50.64,10.0,1188,52.79,10.0,6160,2.15,0.0,1.08,2022-23 -> 2024-25,CAVEAT: items differ across years but map to a constant competency framework. Item-level year comparisons mix learning and instrument change; competency-level comparisons are more defensible (still assume similar difficulty within competency). Prefer rankings and competency-level statements across years.
Davanagere,B0037 davanagere(n),45.38,5.0,766,47.96,10.0,2240,2.58,5.0,1.29,2022-23 -> 2024-25,CAVEAT: items differ across years but map to a constant competency framework. Item-level year comparisons mix learning and instrument change; competency-level comparisons are more defensible (still assume similar difficulty within competency). Prefer rankings and competency-level statements across years.
Kodagu,B0140 virajpet,50.24,10.0,1858,53.02,15.0,1378,2.78,5.0,1.39,2022-23 -> 2024-25,CAVEAT: items differ across years but map to a constant competency framework. Item-level year comparisons mix learning and instrument change; competency-level comparisons are more defensible (still assume similar difficulty within competency). Prefer rankings and competency-level statements across years.
Mysuru,B0133 t.n.pura,56.23,15.0,1692,59.55,15.0,3834,3.32,0.0,1.66,2022-23 -> 2024-25,CAVEAT: items differ across years but map to a constant competency framework. Item-level year comparisons mix learning and instrument change; competency-level comparisons are more defensible (still assume similar difficulty within competency). Prefer rankings and competency-level statements across years.
Chamarajanagara,B0142 yelandur,45.79,10.0,905,50.56,15.0,1179,4.77,5.0,2.38,2022-23 -> 2024-25,CAVEAT: items differ across years but map to a constant competency framework. Item-level year comparisons mix learning and instrument change; competency-level comparisons are more defensible (still assume similar difficulty within competency). Prefer rankings and competency-level statements across years.
Davanagere,B0028 channagiri,51.59,10.0,1850,58.36,15.0,4238,6.77,5.0,3.38,2022-23 -> 2024-25,CAVEAT: items differ across years but map to a constant competency framework. Item-level year comparisons mix learning and instrument change; competency-level comparisons are more defensible (still assume similar difficulty within competency). Prefer rankings and competency-level statements across years.
Hassan,B0029 channarayapatna,66.26,30.0,767,77.6,45.0,2782,11.34,15.0,5.67,2022-23 -> 2024-25,CAVEAT: items differ across years but map to a constant competency framework. Item-level year comparisons mix learning and instrument change; competency-level comparisons are more defensible (still assume similar difficulty within competency). Prefer rankings and competency-level statements across years.
Belagavi,B0108 nippani,49.49,5.0,256,66.79,30.0,2014,17.3,25.0,8.65,2022-23 -> 2024-25,CAVEAT: items differ across years but map to a constant competency framework. Item-level year comparisons mix learning and instrument change; competency-level comparisons are more defensible (still assume similar difficulty within competency). Prefer rankings and competency-level statements across years.
