district,block,n_students,pct_mean,pct_sd,pct_floor,pct_p90,gender_gap_pp,n_schools_4_6,n_schools_govt,pct_govt_schools,pct_private_schools,pct_rural_schools,enrolment_all,enrolment_govt,teachers_govt,ptr_govt,pct_female_teachers_govt,pct_teachers_graduate_plus_govt,pct_sch_electricity_govt,pct_sch_library_govt,pct_sch_playground_govt,pct_sch_tapwater_functional_govt,pct_sch_internet_govt,pct_sch_computer_lab_govt,pct_sch_ramps_govt,pct_sch_reading_corner_govt,pct_sch_handwash_meal_govt,pct_sch_kannada_medium_govt,pct_sch_preprimary_govt,girls_func_toilets_per_school_govt,good_classrooms_per_school_govt,acad_inspections_per_school_govt,crc_coordinators_per_school_govt,smc_meetings_per_school_govt,mean_instruction_days_govt,avg_govt_school_size,census_literacy_rate_7plus,census_male_female_literacy_gap_pp,census_sex_ratio,census_sc_pct,census_st_pct,census_work_participation_rate,census_agri_labour_share_of_workers,census_marginal_worker_share,census_total_population_person,census_rural_share_pct
Bagalkote,B0008 badami,14288,61.54,26.76,20.0,95.0,1.82,,,,,,,,,,,,,,,,,,,,,,,,,,,,,,64.69,20.79,980.0,15.19,10.78,48.72,60.78,22.38,246804.0,100.0
Bagalkote,B0009 bagalkot,8571,70.88,24.16,35.0,95.0,1.38,,,,,,,,,,,,,,,,,,,,,,,,,,,,,,66.36,18.89,994.2,20.56,8.08,45.42,54.1,23.19,173181.0,100.0
Bagalkote,B0021 bilagi,8362,56.57,27.12,15.0,90.0,3.55,,,,,,,,,,,,,,,,,,,,,,,,,,,,,,63.59,17.57,997.4,19.37,10.99,48.13,64.2,21.36,142502.0,100.0
Bagalkote,B0069 hunagund,10214,58.7,28.28,15.0,95.0,1.46,,,,,,,,,,,,,,,,,,,,,,,,,,,,,,67.02,20.85,986.7,18.98,4.14,45.61,46.1,24.04,240219.0,82.24
Bagalkote,B0072 jamakhandi,11470,55.96,28.25,15.0,90.0,2.43,,,,,,,,,,,,,,,,,,,,,,,,,,,,,,63.3,15.52,973.7,17.46,1.58,42.03,70.64,14.15,298146.0,100.0
Bagalkote,B0099 mudhol,8239,49.05,27.53,10.0,85.0,2.49,,,,,,,,,,,,,,,,,,,,,,,,,,,,,,62.34,15.56,999.3,19.4,5.14,47.56,77.29,8.96,233716.0,100.0
Ballari,B0012 ballari east,12764,44.43,29.9,5.0,85.0,3.56,,,,,,,,,,,,,,,,,,,,,,,,,,,,,,,,,,,,,,,
Ballari,B0013 ballari west,6611,40.32,27.86,5.0,80.0,2.12,,,,,,,,,,,,,,,,,,,,,,,,,,,,,,,,,,,,,,,
Ballari,B0084 kudligi,103,47.04,29.43,6.0,89.0,0.68,,,,,,,,,,,,,,,,,,,,,,,,,,,,,,66.82,17.15,956.9,23.32,29.43,52.06,67.21,20.65,255932.0,100.0
Ballari,B0117 sandur,12569,44.21,29.7,5.0,85.0,1.97,219.0,169.0,77.17,22.83,83.56,51439.0,29448.0,658.0,44.75,43.62,78.88,94.08,96.45,37.87,95.27,36.69,19.53,87.57,85.8,86.98,87.57,25.16,1.73,5.62,1.04,4.37,2.9,220.56,174.2,64.89,19.57,939.1,18.23,27.91,43.34,39.99,16.2,222782.0,81.29
Ballari,B0128 siruguppa,14014,39.48,28.16,5.0,80.0,0.71,251.0,183.0,72.91,27.09,76.89,48071.0,31119.0,601.0,51.78,39.6,76.71,95.63,93.44,55.74,93.99,28.96,10.93,90.16,80.33,73.22,89.07,26.29,1.7,4.17,0.47,2.48,2.37,235.46,170.0,50.0,22.67,1005.2,22.71,20.06,55.42,81.85,7.57,190388.0,100.0
Belagavi,B0006 athani,9858,54.51,27.2,15.0,90.0,2.89,,,,,,,,,,,,,,,,,,,,,,,,,,,,,,69.1,15.07,954.7,15.44,3.11,47.25,67.33,19.67,479974.0,99.59
Belagavi,B0011 bailhongal,11947,64.68,25.5,25.0,95.0,2.97,198.0,160.0,80.81,19.19,84.34,36346.0,23522.0,911.0,25.82,48.63,58.4,98.75,100.0,61.25,87.5,15.62,13.75,95.0,93.75,76.88,81.88,1.97,1.58,5.49,1.51,5.43,4.28,236.14,147.0,,,,,,,,,,
Belagavi,B0017 belgaum rural,10733,66.51,22.91,35.0,95.0,3.12,354.0,297.0,83.9,16.1,90.11,59720.0,41199.0,1505.0,27.37,63.26,52.96,99.66,100.0,79.8,86.53,64.65,14.14,92.59,94.95,84.85,55.22,5.82,1.74,5.32,1.42,11.64,6.22,233.54,138.7,76.53,13.39,953.7,7.08,10.58,42.12,38.65,18.51,449805.0,69.7
Belagavi,B0032 chikodi,7406,74.64,20.85,45.0,100.0,1.7,,,,,,,,,,,,,,,,,,,,,,,,,,,,,,73.97,14.62,958.6,15.75,1.14,51.99,58.75,21.76,503838.0,100.0
Belagavi,B0045 gokak,5908,66.66,24.2,30.0,95.0,1.18,,,,,,,,,,,,,,,,,,,,,,,,,,,,,,64.37,17.36,988.3,10.76,10.11,47.16,66.4,16.99,476448.0,100.0
Belagavi,B0067 hukkeri,11227,70.29,23.21,35.0,95.0,1.05,,,,,,,,,,,,,,,,,,,,,,,,,,,,,,69.81,14.39,991.4,14.35,13.63,48.67,60.37,22.55,341645.0,100.0
Belagavi,B0075 kagwad,2216,54.65,27.55,15.0,90.0,6.56,,,,,,,,,,,,,,,,,,,,,,,,,,,,,,,,,,,,,,,
Belagavi,B0078 khanapur,5431,63.55,24.52,25.0,95.0,2.92,348.0,322.0,92.53,7.47,95.4,31685.0,23615.0,1154.0,20.46,44.54,59.27,99.69,100.0,47.52,89.13,12.11,8.07,78.88,98.45,89.13,29.19,2.22,1.21,3.07,1.26,7.7,6.45,233.53,73.3,74.53,14.01,975.7,7.7,4.62,46.91,57.63,20.95,238780.0,93.8
Belagavi,B0098 mudalgi,11571,50.22,27.58,10.0,85.0,1.03,,,,,,,,,,,,,,,,,,,,,,,,,,,,,,,,,,,,,,,
Belagavi,B0108 nippani,3645,62.56,26.66,20.0,95.0,-1.51,,,,,,,,,,,,,,,,,,,,,,,,,,,,,,,,,,,,,,,
Belagavi,B0110 raibag,7231,56.31,27.74,15.0,90.0,1.17,,,,,,,,,,,,,,,,,,,,,,,,,,,,,,65.67,15.62,957.1,18.79,2.07,41.61,73.85,14.39,363599.0,100.0
Belagavi,B0113 ramdurg,11485,63.38,26.31,25.0,95.0,1.21,266.0,210.0,78.95,21.05,86.47,38575.0,28355.0,864.0,32.82,38.89,63.77,99.05,100.0,50.95,95.24,34.76,10.48,90.48,84.29,77.62,89.05,7.96,1.38,5.18,1.65,7.22,3.19,215.25,135.0,64.05,19.72,970.2,16.0,3.73,49.2,61.63,18.59,225189.0,99.35
Belagavi,B0130 soundatti,12207,69.8,23.14,35.0,95.0,2.11,298.0,238.0,79.87,20.13,87.25,48442.0,39180.0,1224.0,32.01,45.02,64.13,98.32,100.0,62.61,93.7,14.29,12.18,91.6,91.18,86.97,90.76,6.09,1.49,4.92,1.68,9.73,4.86,236.5,164.6,,,,,,,,,,
Belagavi,B0153 kittur,4827,63.57,24.36,30.0,95.0,2.51,109.0,83.0,76.15,23.85,89.91,16916.0,12205.0,451.0,27.06,43.24,57.21,100.0,100.0,73.49,96.39,14.46,8.43,79.52,84.34,79.52,83.13,3.8,1.48,5.41,1.46,8.27,3.92,241.34,147.0,,,,,,,,,,
Bengaluru Rural,B0040 devanahalli,5936,81.21,20.45,55.0,100.0,1.71,281.0,212.0,75.44,24.56,81.14,33320.0,9980.0,546.0,18.28,58.97,54.95,99.53,100.0,56.6,95.28,18.4,6.6,70.75,95.75,84.91,92.45,12.14,1.71,3.68,0.99,5.27,4.28,233.65,47.1,75.02,14.36,935.5,27.06,11.9,50.81,55.81,17.4,146705.0,100.0
Bengaluru Rural,B0042 doddaballapura,7502,55.31,26.63,15.0,90.0,0.74,394.0,334.0,84.77,15.23,80.46,36948.0,14204.0,854.0,16.63,45.67,56.21,100.0,100.0,79.94,96.41,93.11,8.68,82.34,97.6,86.23,94.31,10.06,1.7,3.04,0.87,11.08,6.79,235.2,42.5,75.18,14.14,948.4,24.21,5.8,51.97,46.88,19.6,214952.0,92.37
Bengaluru Rural,B0064 hosakote,7887,53.72,27.6,15.0,90.0,3.38,346.0,248.0,71.68,28.32,87.86,47416.0,12839.0,592.0,21.69,64.36,58.95,100.0,100.0,52.02,93.55,13.31,7.26,86.29,97.98,76.21,89.52,7.35,1.81,3.31,0.47,15.26,2.51,227.11,51.8,75.79,13.86,925.8,24.32,3.79,45.71,46.85,13.13,213838.0,100.0
Bengaluru Rural,B0107 nelamangala,6306,60.41,24.87,25.0,90.0,2.8,319.0,278.0,87.15,12.85,85.89,30644.0,11716.0,730.0,16.05,61.1,44.11,100.0,100.0,77.34,97.84,69.42,13.31,84.89,94.24,90.29,94.96,4.0,1.4,3.09,0.88,5.89,5.53,230.71,42.1,76.61,12.17,958.6,23.41,4.31,45.0,39.47,14.72,173657.0,93.92
Bidar,B0007 aurad,5870,56.44,28.14,15.0,90.0,-0.41,385.0,320.0,83.12,16.88,90.13,35169.0,21853.0,1136.0,19.24,37.06,51.94,85.0,84.38,53.75,62.81,3.44,3.12,74.69,53.75,57.81,60.94,3.22,1.06,4.45,2.86,5.36,2.01,230.47,68.3,67.02,16.8,955.0,31.95,11.36,44.32,59.68,22.82,258551.0,96.03
Bidar,B0015 basavakalyan,10510,41.96,28.71,5.0,85.0,0.51,408.0,267.0,65.44,34.56,77.7,52323.0,27742.0,1046.0,26.52,40.82,54.78,93.26,92.13,42.32,69.66,23.97,4.12,82.4,37.08,63.3,73.41,8.63,1.21,5.69,0.9,5.83,3.37,229.4,103.9,66.87,16.88,966.6,24.21,21.54,45.2,57.97,22.51,275530.0,100.0
Bidar,B0019 bhalki,8904,41.71,28.42,5.0,85.0,1.68,331.0,265.0,80.06,19.94,82.78,34515.0,17974.0,947.0,18.98,43.29,48.68,91.7,75.47,45.66,67.17,16.23,5.28,74.34,57.36,45.66,70.57,8.08,1.18,5.08,0.7,4.78,1.54,229.57,67.8,70.07,15.9,961.1,25.12,11.44,45.63,59.31,22.8,237017.0,100.0
Bidar,B0020 bidar,7859,41.43,28.37,5.0,85.0,1.36,624.0,383.0,61.38,38.62,57.21,87204.0,36607.0,1689.0,21.67,58.32,51.45,89.56,82.77,55.61,62.4,6.53,5.48,78.07,43.08,76.24,63.45,7.92,1.51,5.15,0.91,6.47,1.61,236.34,95.6,64.85,15.71,958.9,23.08,18.11,43.61,48.0,22.02,255568.0,99.36
Bidar,B0068 humnabad,9790,49.03,30.02,5.0,90.0,2.31,390.0,256.0,65.64,34.36,70.26,51966.0,26747.0,1002.0,26.69,48.0,58.38,89.06,84.77,50.78,53.12,10.94,5.47,71.48,51.56,71.48,68.36,22.45,1.58,5.52,1.5,3.76,1.61,230.06,104.5,65.54,16.72,963.5,25.27,20.13,42.62,53.67,23.28,262581.0,100.0
Chamarajanagara,B0027 chamarajanagar,7670,52.74,27.28,15.0,90.0,6.09,,,,,,,,,,,,,,,,,,,,,,,,,,,,,,56.17,10.76,1002.6,25.08,10.4,47.76,60.36,21.99,287924.0,100.0
Chamarajanagara,B0050 gundlupet,9274,50.02,27.94,10.0,85.0,7.47,,,,,,,,,,,,,,,,,,,,,,,,,,,,,,57.35,13.4,1008.0,20.09,11.43,50.83,71.6,14.35,194965.0,100.0
Chamarajanagara,B0054 hanur,5741,49.66,28.1,10.0,90.0,4.94,203.0,180.0,88.67,11.33,95.07,16587.0,11807.0,572.0,20.64,49.3,54.72,92.78,99.44,58.89,95.56,24.44,15.0,90.56,97.22,95.0,90.0,2.84,1.5,3.07,0.99,6.62,4.81,239.35,65.6,,,,,,,,,,
Chamarajanagara,B0080 kollegala,4914,51.08,27.4,10.0,90.0,5.47,,,,,,,,,,,,,,,,,,,,,,,,,,,,,,59.62,13.24,967.2,28.77,11.4,50.44,55.92,24.99,289638.0,100.0
Chamarajanagara,B0142 yelandur,2577,48.3,26.55,10.0,85.0,6.67,74.0,63.0,85.14,14.86,86.49,6780.0,5293.0,253.0,20.92,54.55,62.06,100.0,100.0,69.84,96.83,22.22,15.87,98.41,100.0,100.0,88.89,6.78,2.02,5.48,1.43,11.59,6.94,234.12,84.0,59.98,9.39,992.3,36.76,15.24,43.21,45.31,31.24,73290.0,100.0
Chikkaballapura,B0010 bagepally,6830,42.52,27.18,5.0,80.0,1.19,284.0,245.0,86.27,13.73,92.96,20527.0,9151.0,422.0,21.68,43.6,68.25,99.59,100.0,66.12,95.51,22.04,3.67,67.76,95.51,86.94,94.69,3.35,1.31,2.18,0.51,3.93,2.67,204.27,37.4,58.7,17.49,980.8,28.66,18.16,55.65,67.95,18.1,156487.0,96.22
Chikkaballapura,B0030 chikkaballapur,7277,52.1,27.09,15.0,90.0,4.57,287.0,240.0,83.62,16.38,85.37,27209.0,9912.0,577.0,17.18,56.33,67.07,100.0,100.0,50.0,96.67,13.75,6.67,62.5,92.5,87.08,94.58,2.13,1.36,2.86,0.15,3.05,3.1,236.19,41.3,69.47,15.62,940.5,30.49,11.07,53.3,63.35,15.75,148884.0,100.0
Chikkaballapura,B0034 chintamani,8631,52.68,28.73,10.0,90.0,3.94,397.0,343.0,86.4,13.35,86.9,36170.0,13376.0,931.0,14.37,47.37,52.2,99.13,98.54,41.4,93.88,14.58,7.58,57.14,93.29,82.8,90.67,4.19,1.3,2.76,0.78,7.86,4.36,228.79,39.0,68.34,14.6,977.2,27.88,12.87,53.66,67.58,12.35,222002.0,100.0
Chikkaballapura,B0047 gudibanda,2550,46.45,27.03,10.0,85.0,1.7,104.0,96.0,92.31,7.69,90.38,5177.0,4120.0,237.0,17.38,47.68,69.2,100.0,100.0,38.54,77.08,20.83,4.17,81.25,89.58,84.38,95.83,6.52,1.49,2.98,0.67,8.27,5.16,229.51,42.9,63.47,16.17,977.2,26.4,15.16,57.78,69.82,19.67,46391.0,100.0
Chikkaballapura,B0124 sidlaghatta,7596,49.04,27.35,10.0,85.0,2.3,298.0,253.0,84.9,15.1,87.58,25682.0,11177.0,623.0,17.94,48.96,66.61,99.21,98.81,51.38,94.86,32.02,7.51,62.45,89.33,87.35,92.09,7.26,1.34,2.68,1.46,5.82,5.17,231.04,44.2,68.04,15.07,967.0,26.63,11.27,51.67,63.81,11.88,163010.0,100.0
Chikkaballapura,B0167 gowribidanur,3451,45.08,27.6,10.0,85.0,2.62,333.0,293.0,87.99,12.01,89.49,32443.0,16505.0,863.0,19.13,41.14,50.64,100.0,99.66,65.87,93.17,52.56,9.9,62.8,95.22,98.29,91.47,3.17,1.5,3.04,1.01,7.24,4.7,235.83,56.3,67.86,13.72,974.2,26.37,16.19,54.41,58.6,22.4,253052.0,96.08
Chikkamagaluru,B0145 biruru,3988,63.19,25.56,25.0,95.0,3.08,,,,,,,,,,,,,,,,,,,,,,,,,,,,,,,,,,,,,,,
Chikkamagaluru,B0147 chikmagalur,6118,56.23,27.66,15.0,90.0,4.29,,,,,,,,,,,,,,,,,,,,,,,,,,,,,,76.32,8.89,1005.7,29.88,2.68,53.98,31.74,12.19,186967.0,100.0
Chikkamagaluru,B0152 kadur,5777,58.31,27.96,15.0,95.0,2.65,,,,,,,,,,,,,,,,,,,,,,,,,,,,,,74.26,11.01,987.3,21.8,1.95,58.3,65.45,22.96,234794.0,100.0
Chikkamagaluru,B0154 koppa,2437,70.51,23.93,35.0,95.0,2.16,,,,,,,,,,,,,,,,,,,,,,,,,,,,,,82.56,5.2,1033.5,21.69,5.37,48.6,34.76,10.72,79889.0,100.0
Chikkamagaluru,B0160 moodigere,3569,54.81,24.97,20.0,90.0,2.27,,,,,,,,,,,,,,,,,,,,,,,,,,,,,,75.87,6.91,1033.0,25.98,12.61,52.84,15.78,6.42,116216.0,100.0
Chikkamagaluru,B0163 narasimharajapura,1933,62.38,24.94,25.0,95.0,3.59,,,,,,,,,,,,,,,,,,,,,,,,,,,,,,82.26,3.35,1042.1,17.38,3.11,49.73,55.28,7.65,58632.0,100.0
Chikkamagaluru,B0165 sringeri,835,61.86,25.91,25.0,95.0,6.25,,,,,,,,,,,,,,,,,,,,,,,,,,,,,,85.34,3.34,1033.0,12.08,8.94,41.67,56.2,9.96,32617.0,100.0
Chikkamagaluru,B0166 tarikere,4237,62.15,25.71,25.0,95.0,2.61,,,,,,,,,,,,,,,,,,,,,,,,,,,,,,76.08,9.45,993.7,26.25,3.62,48.6,55.9,20.6,189338.0,100.0
Chitradurga,B0026 challakere,21467,37.51,28.49,0.0,80.0,3.42,435.0,388.0,89.2,10.8,82.76,42248.0,27851.0,1311.0,21.24,47.44,59.65,95.62,99.48,65.98,96.39,55.67,5.67,95.88,93.04,88.92,93.56,4.8,1.32,3.06,0.75,6.38,4.61,235.13,71.8,66.88,15.83,961.5,23.7,30.2,57.02,58.53,26.72,310590.0,100.0
Chitradurga,B0035 chitradurga,18330,42.25,27.88,5.0,80.0,4.29,424.0,340.0,80.19,19.81,75.0,59034.0,26444.0,1325.0,19.96,59.85,55.92,100.0,100.0,60.59,98.53,83.53,11.47,98.82,95.59,84.71,89.12,9.37,1.29,3.41,0.89,9.71,5.14,231.39,77.8,74.53,12.31,964.1,27.57,20.69,51.85,60.62,19.08,283673.0,95.94
Chitradurga,B0059 hiriyur,14139,47.68,28.8,10.0,90.0,2.6,361.0,325.0,90.03,9.97,87.53,30332.0,19285.0,1054.0,18.3,51.14,63.28,97.54,99.38,65.23,93.85,40.62,9.23,95.69,95.38,88.62,91.69,12.1,1.23,2.41,0.71,7.11,5.95,235.14,59.3,71.51,12.28,979.7,26.87,10.02,54.03,59.82,23.52,229717.0,100.0
Chitradurga,B0060 holalkere,9651,48.8,28.62,10.0,90.0,4.54,261.0,231.0,88.51,11.49,92.72,22377.0,12523.0,730.0,17.15,40.55,51.78,99.13,100.0,51.52,94.81,65.8,15.58,93.51,77.49,86.15,93.07,9.91,1.12,2.89,0.62,7.26,4.79,215.81,54.2,74.7,11.83,974.2,28.41,12.5,57.15,57.87,30.93,191477.0,96.74
Chitradurga,B0063 hosadurga,12987,50.58,28.89,10.0,90.0,4.28,348.0,317.0,91.09,8.91,93.68,24441.0,14527.0,924.0,15.72,45.67,43.07,98.42,100.0,44.79,97.16,58.36,4.73,99.05,93.69,78.23,95.27,6.17,1.25,2.66,0.71,6.98,4.28,234.17,45.8,71.81,12.41,976.4,21.45,8.55,56.29,61.82,21.95,206746.0,100.0
Chitradurga,B0097 molakalmur,10764,29.92,26.84,0.0,70.0,0.85,174.0,148.0,85.06,14.94,85.63,21879.0,17021.0,510.0,33.37,43.33,65.69,97.97,99.32,52.03,99.32,79.73,7.43,95.95,90.54,77.03,91.22,7.75,1.46,3.59,2.26,6.85,4.34,233.97,115.0,63.73,19.16,957.8,20.57,40.48,52.39,63.73,14.72,125487.0,100.0
Dakshina Kannada,B0095 mangaluru south,1623,72.92,22.31,40.0,95.0,4.8,219.0,134.0,61.19,38.81,50.68,65506.0,16541.0,580.0,28.52,87.07,62.41,100.0,100.0,88.06,93.28,91.04,21.64,100.0,99.25,100.0,93.28,9.52,3.39,5.51,1.23,6.02,6.37,236.49,123.4,,,,,,,,,,
Davanagere,B0028 channagiri,8934,52.85,28.7,10.0,90.0,5.51,362.0,297.0,82.04,17.96,93.92,34635.0,19159.0,1047.0,18.3,39.54,51.58,98.99,100.0,71.04,97.64,14.14,8.75,91.25,57.58,65.99,85.52,6.6,1.29,3.77,1.57,8.67,3.74,227.25,64.5,71.24,10.87,978.5,26.36,13.49,46.74,62.48,22.35,281004.0,100.0
Davanagere,B0037 davanagere(n),4453,48.06,26.87,10.0,85.0,5.27,296.0,180.5,61.47,38.53,50.465,53917.0,17143.0,800.0,21.38,54.975,50.975,98.06,100.0,86.42,93.91499999999999,23.814999999999998,17.45,91.14,50.129999999999995,83.64500000000001,87.265,11.184999999999999,1.4,4.755,1.515,9.4,4.905,233.01999999999998,94.95,74.22,10.87,976.3,24.04,14.55,47.41,66.03,17.06,247008.0,100.0
Davanagere,B0038 davanagere(s),3422,56.02,28.18,15.0,90.0,3.91,296.0,180.5,61.47,38.53,50.465,53917.0,17143.0,800.0,21.38,54.975,50.975,98.06,100.0,86.42,93.91499999999999,23.814999999999998,17.45,91.14,50.129999999999995,83.64500000000001,87.265,11.184999999999999,1.4,4.755,1.515,9.4,4.905,233.01999999999998,94.95,74.22,10.87,976.3,24.04,14.55,47.41,66.03,17.06,247008.0,100.0
Davanagere,B0056 harihara,6417,54.57,28.19,15.0,90.0,4.2,238.0,165.0,69.33,30.67,60.08,31419.0,17676.0,800.0,22.1,53.0,58.25,97.58,100.0,96.97,95.15,19.39,10.3,98.79,72.73,92.73,81.21,25.79,1.57,5.21,1.68,9.04,5.95,235.36,107.1,72.61,11.71,963.3,13.71,10.58,44.08,55.9,23.86,176723.0,92.61
Davanagere,B0062 honnali,7822,48.63,28.17,10.0,85.0,4.71,262.0,224.0,85.5,14.5,87.02,24889.0,16994.0,848.0,20.04,39.62,62.15,97.77,100.0,86.16,95.09,16.96,9.38,98.21,45.09,85.71,86.61,12.9,1.33,3.92,3.73,10.77,6.56,235.67,75.9,75.04,12.02,970.2,23.4,7.68,47.69,62.87,21.46,215278.0,100.0
Davanagere,B0071 jagalur,7288,38.57,27.72,5.0,80.0,2.99,221.0,199.0,90.05,9.95,91.4,20329.0,14712.0,666.0,22.09,42.79,56.76,100.0,100.0,57.29,97.99,10.05,8.04,100.0,61.81,91.96,91.96,1.6,1.08,3.1,1.04,9.9,6.05,227.95,73.9,71.13,13.44,974.3,26.07,25.75,54.0,71.61,18.31,154565.0,100.0
Dharwad,B0041 dharwad,21943,68.89,24.5,35.0,95.0,2.21,209.0,181.0,86.6,13.4,93.3,37807.0,30485.0,1108.0,27.51,67.15,72.83,98.34,97.79,69.61,97.24,30.94,12.71,87.29,93.92,90.61,80.66,3.55,1.95,5.61,1.1,5.87,5.23,235.76,168.4,71.28,14.83,947.1,7.54,6.79,47.89,65.44,10.56,232765.0,100.0
Dharwad,B0066 hubli,11073,65.22,25.71,25.0,95.0,1.39,196.0,128.0,65.31,34.69,62.76,39799.0,20920.0,756.0,27.67,69.71,67.33,99.22,98.44,64.06,94.53,18.75,8.59,82.03,94.53,84.38,80.47,9.76,1.73,6.45,0.71,6.65,5.86,241.16,163.4,73.68,14.12,956.8,7.66,5.04,50.52,63.77,14.55,142807.0,100.0
Dharwad,B0076 kalghatagi,13220,56.5,26.32,20.0,90.0,4.5,145.0,128.0,88.28,11.72,87.59,20722.0,17765.0,608.0,29.22,58.55,75.82,97.66,96.09,73.44,100.0,17.19,6.25,91.41,94.53,89.84,92.19,3.23,1.77,4.55,1.03,6.16,5.41,235.06,138.8,67.52,16.03,934.4,12.49,5.71,53.41,70.25,13.98,137742.0,100.0
Dharwad,B0086 kundagol,10273,64.73,25.49,25.0,95.0,3.67,129.0,108.0,83.72,16.28,89.15,18306.0,15037.0,545.0,27.59,47.34,73.39,100.0,95.37,59.26,99.07,16.67,8.33,96.3,88.89,76.85,81.48,4.85,1.46,6.02,0.72,7.37,4.08,211.36,139.2,74.18,15.2,947.9,9.61,7.5,50.45,74.21,12.56,146842.0,100.0
Dharwad,B0106 navalgund,10303,54.17,27.59,15.0,90.0,3.52,149.0,120.0,80.54,19.46,67.11,21712.0,15572.0,578.0,26.94,50.87,59.86,98.33,95.0,80.0,94.17,24.17,6.67,92.5,81.67,63.33,81.67,2.68,1.44,5.58,0.69,5.26,3.73,237.0,129.8,74.03,16.27,953.3,8.43,5.98,55.32,74.05,16.68,137328.0,100.0
Gadag,B0043 gadag rural,12123,47.99,27.32,10.0,85.0,4.33,150.0,121.0,80.67,19.33,90.67,25020.0,17286.0,665.0,25.99,54.44,61.95,100.0,100.0,81.82,90.08,81.82,15.7,99.17,99.17,90.91,84.3,7.63,1.41,5.65,0.83,8.63,4.95,226.42,142.9,73.11,15.29,973.3,17.84,6.92,50.49,63.94,17.76,175883.0,100.0
Gadag,B0102 mundaragi,8454,47.98,27.01,10.0,85.0,2.43,129.0,111.0,86.05,13.95,80.62,20713.0,16560.0,577.0,28.7,43.5,74.0,100.0,100.0,69.37,90.99,40.54,14.41,96.4,93.69,87.39,83.78,4.9,1.52,6.05,1.19,8.22,4.18,235.35,149.2,70.3,16.6,968.6,23.25,8.71,52.08,68.83,17.0,106978.0,100.0
Gadag,B0105 naragund,4842,54.06,27.26,15.0,90.0,0.94,83.0,61.0,73.49,26.51,67.47,13431.0,9017.0,321.0,28.09,41.43,60.75,100.0,100.0,70.49,98.36,90.16,11.48,98.36,96.72,96.72,88.52,8.47,1.21,7.18,0.56,3.85,3.23,229.22,147.8,73.99,17.41,954.0,9.11,5.59,51.2,70.91,17.64,64332.0,100.0
Gadag,B0115 ron,14509,56.01,28.06,15.0,90.0,1.76,223.0,179.0,80.27,19.73,70.85,35127.0,28321.0,934.0,30.32,42.18,66.6,99.44,100.0,83.8,97.77,98.88,12.29,99.44,94.97,96.09,84.92,7.78,1.59,6.23,0.84,6.91,4.49,233.39,158.2,71.67,18.02,987.1,14.97,6.77,49.4,72.07,13.77,191763.0,100.0
Gadag,B0122 shirhatti,11483,56.02,26.77,15.0,90.0,2.85,192.0,153.0,79.69,20.31,71.88,27489.0,19956.0,716.0,27.87,43.16,57.96,99.35,100.0,79.74,95.42,94.77,11.11,98.04,98.69,96.73,87.58,6.9,1.29,5.76,1.46,14.07,5.76,230.36,130.4,70.81,16.43,959.0,25.08,8.59,50.9,74.44,10.42,146305.0,100.0
Hassan,B0003 alur,2879,64.81,25.56,25.0,95.0,4.66,157.0,146.0,92.99,7.01,94.9,7318.0,4210.0,327.0,12.87,54.74,59.63,97.95,100.0,54.11,99.32,8.9,10.27,91.1,99.32,100.0,96.58,4.93,1.79,2.7,1.09,16.82,8.08,234.51,28.8,72.97,9.52,1020.7,27.8,2.43,58.35,65.09,11.15,78714.0,100.0
Hassan,B0004 arakalagudu,7281,53.6,26.17,15.0,85.0,4.62,319.0,294.0,92.16,7.84,92.48,17620.0,9948.0,669.0,14.87,46.04,52.47,100.0,100.0,54.08,98.64,10.88,1.36,99.32,100.0,100.0,93.2,5.92,1.26,2.51,1.47,15.98,10.13,239.13,33.8,67.73,13.71,1001.2,21.27,1.44,52.4,67.61,19.99,187775.0,100.0
Hassan,B0005 arasikere,7841,59.58,26.69,20.0,95.0,2.89,431.0,384.0,89.1,10.9,91.88,27727.0,13703.0,1063.0,12.89,50.8,48.82,98.7,100.0,37.24,96.61,14.58,5.21,86.98,98.96,87.24,93.49,10.88,1.17,2.23,0.46,9.52,4.75,236.85,35.7,77.0,9.34,1004.1,20.89,3.29,55.69,64.43,21.1,264003.0,99.29
Hassan,B0018 belur,4843,59.29,25.14,20.0,90.0,2.97,298.0,273.0,91.61,8.39,92.62,16500.0,8867.0,661.0,13.41,49.92,57.64,98.53,100.0,56.04,98.17,37.73,3.66,90.11,97.44,97.44,93.04,4.12,1.28,2.25,0.74,6.81,5.58,232.59,32.5,74.85,8.65,1020.2,32.87,2.81,54.7,69.56,10.07,161974.0,100.0
Hassan,B0029 channarayapatna,6418,68.29,26.64,25.0,100.0,3.78,402.0,348.0,86.57,13.43,92.29,25623.0,10026.0,805.0,12.45,50.68,42.61,100.0,100.0,54.89,98.28,14.66,7.18,84.77,94.83,92.24,95.69,2.64,1.23,2.03,0.93,9.19,6.26,233.05,28.8,73.68,11.14,1028.2,11.21,0.99,54.32,63.08,24.27,241006.0,96.63
Hassan,B0057 hassan,6449,62.57,25.84,25.0,95.0,1.93,457.0,368.0,80.53,19.47,73.3,48570.0,14197.0,1001.0,14.18,64.54,55.14,97.83,100.0,66.58,96.74,24.18,7.61,89.4,97.83,94.02,93.21,9.17,1.25,2.48,0.78,11.02,5.46,233.17,38.6,76.2,9.97,1005.5,15.71,1.36,50.21,58.89,15.13,262730.0,83.23
Hassan,B0061 holenarasipura,5928,52.51,26.66,15.0,85.0,3.75,287.0,265.0,92.33,7.67,90.94,16660.0,9781.0,665.0,14.71,43.76,43.31,99.62,100.0,53.21,98.87,20.75,1.89,95.47,100.0,100.0,93.21,0.79,1.41,2.62,0.91,19.22,6.68,240.35,36.9,64.27,17.23,985.5,19.04,2.19,54.87,65.56,22.37,152213.0,100.0
Hassan,B0116 sakaleshapura,3578,59.0,25.95,20.0,90.0,4.13,182.0,159.0,87.36,12.64,89.56,11841.0,5943.0,368.0,16.15,65.76,68.48,95.6,100.0,73.58,94.34,6.92,2.52,82.39,97.48,95.6,93.71,5.19,1.37,2.75,0.65,6.7,7.37,231.99,37.4,77.62,6.66,1041.6,33.69,1.64,55.0,42.98,4.75,105281.0,100.0
Haveri,B0023 byadagi,5085,60.09,25.73,25.0,90.0,8.25,136.0,118.0,86.76,13.24,78.68,18745.0,13797.0,554.0,24.9,51.08,70.76,99.15,98.31,82.2,94.07,19.49,12.71,93.22,90.68,92.37,80.51,6.19,1.28,4.85,1.7,8.85,5.28,225.44,116.9,76.53,13.15,947.1,12.35,14.2,48.17,69.43,18.18,111010.0,100.0
Haveri,B0053 hanagal,10350,53.67,26.88,15.0,90.0,5.15,285.0,245.0,85.96,14.04,91.23,35076.0,27885.0,1020.0,27.34,42.65,77.16,98.37,99.18,75.51,97.14,22.86,11.43,90.61,95.1,96.33,74.29,9.91,1.3,3.88,1.29,4.85,4.08,233.4,113.8,77.04,10.81,954.3,15.77,8.87,45.67,67.11,18.54,232296.0,100.0
Haveri,B0058 hirekerur,8486,58.68,27.03,20.0,95.0,2.35,245.0,218.0,88.98,11.02,92.24,25828.0,19013.0,902.0,21.08,40.13,59.87,99.08,98.17,65.14,95.41,16.06,7.8,85.32,94.04,94.04,75.23,4.29,1.26,3.83,1.2,6.51,4.34,227.83,87.2,80.71,11.5,952.3,13.57,10.96,50.5,63.74,23.82,211924.0,100.0
Haveri,B0114 ranebennur,9481,61.78,25.99,25.0,95.0,3.21,,,,,,,,,,,,,,,,,,,,,,,,,,,,,,75.27,14.17,940.1,16.87,10.52,49.1,60.1,17.75,228875.0,94.18
Haveri,B0118 savanur,6809,57.93,26.84,20.0,90.0,1.23,148.0,121.0,81.76,18.24,78.38,24086.0,17628.0,565.0,31.2,38.76,74.87,100.0,100.0,66.12,97.52,20.66,12.4,96.69,96.69,95.87,72.73,9.48,1.4,4.63,0.98,6.6,5.4,230.48,145.7,71.63,14.72,938.5,17.8,9.9,47.18,72.77,14.08,120954.0,100.0
Haveri,B0121 shiggoan,5416,64.82,23.33,30.0,95.0,3.39,206.0,177.0,85.92,14.08,77.67,28313.0,21976.0,732.0,30.02,49.86,71.72,99.44,99.44,74.58,93.22,22.03,12.43,92.66,96.61,96.61,72.32,8.98,1.4,4.82,1.42,8.63,6.08,236.04,124.2,74.73,12.76,940.1,15.64,7.7,47.88,68.07,16.97,137174.0,100.0
Haveri,B0149 haveri,8364,55.76,26.98,15.0,90.0,5.13,248.0,188.0,75.81,24.19,72.58,43511.0,27313.0,981.0,27.84,49.24,65.34,98.4,97.34,71.81,97.87,21.28,13.83,89.36,90.96,97.87,76.6,13.56,1.32,5.3,0.68,6.16,3.74,226.16,145.3,72.59,13.96,941.5,13.4,10.15,47.98,67.61,16.25,213260.0,100.0
Kalaburagi,B0001 afzalpur,10194,46.82,30.0,5.0,90.0,-0.68,,,,,,,,,,,,,,,,,,,,,,,,,,,,,,59.65,21.43,948.8,19.93,1.03,44.33,59.62,25.39,193251.0,100.0
Kalaburagi,B0002 aland,15677,42.87,28.07,5.0,85.0,-0.14,,,,,,,,,,,,,,,,,,,,,,,,,,,,,,62.15,20.35,944.9,26.61,2.17,48.27,59.52,25.05,299836.0,100.0
Kalaburagi,B0033 chincholi,12003,41.39,27.9,5.0,80.0,0.71,,,,,,,,,,,,,,,,,,,,,,,,,,,,,,58.62,19.15,996.6,36.98,3.85,48.63,61.59,22.02,233390.0,100.0
Kalaburagi,B0036 chittapur,13761,35.16,26.33,5.0,75.0,2.19,,,,,,,,,,,,,,,,,,,,,,,,,,,,,,53.76,18.47,999.1,30.43,1.89,44.94,51.49,24.46,282292.0,96.93
Kalaburagi,B0048 gulbarga north,5279,45.63,26.97,10.0,85.0,0.96,,,,,,,,,,,,,,,,,,,,,,,,,,,,,,62.08,19.71,956.8,31.56,2.58,44.46,49.67,26.01,296243.0,96.77
Kalaburagi,B0049 gulbarga south,7377,40.49,27.0,5.0,80.0,1.7,,,,,,,,,,,,,,,,,,,,,,,,,,,,,,62.08,19.71,956.8,31.56,2.58,44.46,49.67,26.01,296243.0,96.77
Kalaburagi,B0073 jewargi,16840,46.48,28.74,10.0,85.0,-0.87,,,,,,,,,,,,,,,,,,,,,,,,,,,,,,56.45,23.04,966.5,21.93,5.9,46.72,68.49,17.88,271217.0,100.0
Kalaburagi,B0119 sedam,10516,37.86,27.31,5.0,80.0,2.32,,,,,,,,,,,,,,,,,,,,,,,,,,,,,,53.35,18.35,1018.8,29.81,2.25,48.71,56.86,24.15,179231.0,96.39
Kodagu,B0092 madikeri,4776,55.02,26.16,20.0,90.0,4.59,157.0,124.0,78.98,21.02,88.54,18604.0,7146.0,418.0,17.1,81.58,62.92,100.0,100.0,87.9,74.19,23.39,16.94,92.74,96.77,96.77,95.97,4.17,2.21,4.33,1.0,3.77,5.32,231.68,57.6,86.78,3.93,1002.1,11.45,6.53,51.78,7.62,10.54,113202.0,100.0
Kodagu,B0129 somavarpet,3787,59.34,25.54,20.0,90.0,3.81,186.0,147.0,79.03,20.97,93.55,25084.0,9036.0,539.0,16.76,67.35,65.68,100.0,100.0,100.0,99.32,17.69,17.01,100.0,100.0,100.0,95.92,5.0,2.33,4.37,1.12,7.59,6.71,227.91,61.5,80.57,5.59,1031.8,17.08,5.43,51.52,22.36,6.96,184450.0,100.0
Kodagu,B0140 virajpet,4984,50.02,27.74,10.0,88.5,2.09,176.0,131.0,74.43,25.57,93.18,22483.0,8430.0,394.0,21.4,76.14,69.8,97.71,100.0,96.18,76.34,32.82,14.5,97.71,97.71,100.0,95.42,3.12,2.37,4.34,1.29,6.45,6.95,234.59,64.4,78.34,4.0,1023.3,11.44,21.25,52.08,6.06,5.18,184185.0,95.49
Kolar,B0014 bangarapete,2073,52.64,26.13,15.0,85.0,3.0,304.0,254.0,83.55,16.45,87.5,25183.0,10918.0,639.0,17.09,59.94,55.71,99.61,99.21,25.98,90.94,12.2,3.94,72.83,92.52,79.13,93.31,1.61,1.4,2.32,1.81,5.76,4.71,234.13,43.0,70.03,13.65,974.2,33.77,3.56,47.53,48.49,19.88,264750.0,88.89
Kolar,B0074 k g f,358,66.03,27.13,20.0,95.0,15.3,258.0,196.0,75.97,24.03,73.64,27166.0,8595.0,470.0,18.29,66.38,55.32,97.96,100.0,23.47,91.33,18.88,4.08,55.1,94.39,70.92,87.24,2.6,1.46,2.72,1.91,6.57,4.57,236.67,43.9,,,,,,,,,,
Kolar,B0079 kolar,8412,54.22,27.31,15.0,90.0,2.91,500.0,390.0,78.0,22.0,77.2,47498.0,16671.0,1142.0,14.6,62.26,50.0,100.0,100.0,41.79,91.28,26.41,6.41,70.77,93.85,83.85,85.64,3.42,1.3,2.91,2.37,7.6,5.51,237.02,42.7,71.48,13.89,972.1,30.15,5.39,49.8,50.69,19.97,246948.0,100.0
Kolar,B0094 malur,6782,51.18,26.63,15.0,85.0,1.79,364.0,320.0,87.91,12.09,92.31,30455.0,12982.0,822.0,15.79,54.01,52.31,99.06,99.69,31.87,96.56,45.62,6.56,62.19,95.31,90.0,91.25,7.01,1.48,2.62,1.69,6.44,5.58,232.94,40.6,67.93,14.59,954.9,27.11,10.65,49.22,43.47,27.86,196870.0,100.0
Kolar,B0100 mulbagal,6811,49.64,28.12,10.0,90.0,1.35,441.0,388.0,87.98,12.02,88.44,27385.0,15513.0,960.0,16.16,52.81,60.62,97.68,99.74,30.67,96.65,24.74,4.9,59.54,93.56,83.25,88.66,3.43,1.26,2.24,2.07,6.98,4.7,235.3,40.0,68.17,14.71,984.6,33.14,3.95,55.9,63.69,19.34,201659.0,100.0
Kolar,B0131 srinivasapur,6941,54.28,28.89,10.0,90.0,1.81,332.0,288.0,86.75,13.25,94.28,22202.0,9554.0,715.0,13.36,46.71,50.49,98.96,98.61,31.94,95.49,10.42,5.9,55.21,90.62,79.17,91.32,3.57,1.59,2.39,1.18,5.38,4.26,235.16,33.2,69.54,14.31,983.9,30.3,11.86,55.33,63.34,16.93,175511.0,100.0
Kolar,B0151 k g f,3002,46.08,26.14,10.0,80.0,2.58,258.0,196.0,75.97,24.03,73.64,27166.0,8595.0,470.0,18.29,66.38,55.32,97.96,100.0,23.47,91.33,18.88,4.08,55.1,94.39,70.92,87.24,2.6,1.46,2.72,1.91,6.57,4.57,236.67,43.9,,,,,,,,,,
Koppal,B0044 gangavathi,16483,45.01,27.43,10.0,85.0,1.62,467.0,348.0,74.52,25.48,70.24,78337.0,49220.0,1157.0,42.54,45.29,75.97,93.97,95.4,62.07,91.95,19.83,8.33,77.59,90.23,91.38,88.79,12.69,1.51,4.22,0.72,4.56,3.88,231.09,141.4,64.85,14.17,1002.8,20.54,16.49,48.08,58.25,22.14,354376.0,97.43
Koppal,B0081 koppal,15439,49.87,27.26,10.0,85.0,1.51,355.0,254.0,71.55,28.45,74.93,68707.0,46064.0,1329.0,34.66,45.9,72.31,97.24,94.88,59.06,94.49,18.9,6.3,87.4,87.8,91.34,87.8,20.17,1.52,5.27,0.58,5.47,3.52,232.97,181.4,68.4,17.11,974.2,20.8,9.43,47.88,55.08,17.87,307083.0,97.18
Koppal,B0085 kuknoor,6125,46.11,27.21,10.0,85.0,1.64,,,,,,,,,,,,,,,,,,,,,,,,,,,,,,,,,,,,,,,
Koppal,B0088 kustagi,14933,48.19,26.89,10.0,85.0,-1.92,287.0,238.0,82.93,17.07,80.84,49497.0,43075.0,1064.0,40.48,40.51,70.77,93.7,92.86,55.04,93.28,22.69,9.66,82.77,87.39,84.03,91.18,3.08,1.53,5.98,0.53,3.7,2.83,225.88,181.0,65.34,19.56,973.0,15.48,14.41,48.16,53.79,29.78,259914.0,100.0
Koppal,B0143 yelburga,10327,47.13,28.28,10.0,85.0,1.77,271.0,219.0,80.81,19.19,84.87,48467.0,41805.0,1093.0,38.25,37.97,68.71,95.43,94.06,52.97,96.8,71.23,11.87,93.61,88.58,73.97,89.95,4.5,1.74,6.58,1.37,4.45,3.31,229.55,190.9,66.58,19.6,978.7,19.51,11.55,52.13,58.74,25.57,252628.0,100.0
Mandya,B0083 krishnaraja pet,5,79.0,11.4,68.0,88.0,-1.67,348.0,314.0,90.23,9.77,94.25,20112.0,12086.0,769.0,15.72,37.45,50.46,98.73,100.0,66.24,100.0,11.78,5.73,99.36,94.9,92.36,95.22,3.59,1.31,2.39,0.41,7.14,5.43,234.6,38.5,68.72,14.1,1000.1,12.66,2.4,51.19,67.85,21.22,234533.0,100.0
Mandya,B0090 maddur,5901,54.52,26.98,15.0,90.0,4.67,278.0,218.0,78.42,21.58,92.09,28019.0,11217.0,593.0,18.92,52.95,64.42,100.0,100.0,88.53,99.08,95.87,6.42,98.62,68.81,86.7,95.41,7.58,1.4,3.89,0.99,4.42,3.96,212.79,51.5,67.06,12.08,997.0,13.9,0.63,47.59,66.03,13.44,266678.0,97.6
Mandya,B0093 malavally,7720,54.21,26.83,15.0,90.0,4.8,286.0,235.0,82.17,17.83,89.51,21090.0,12006.0,597.0,20.11,49.58,59.46,97.87,100.0,48.09,96.6,9.36,10.21,96.17,84.68,88.94,95.74,7.17,1.36,3.02,0.76,3.7,4.72,229.71,51.1,64.59,12.49,982.6,20.69,0.56,48.01,60.58,21.77,245664.0,100.0
Mandya,B0103 nagamangala,6082,62.57,25.54,25.0,95.0,2.74,277.0,253.0,91.34,8.66,87.36,16087.0,8337.0,570.0,14.63,49.3,62.11,99.6,100.0,69.96,95.65,28.06,5.53,99.21,90.12,94.47,94.47,3.64,1.55,2.36,0.87,8.91,7.13,235.18,33.0,69.05,14.68,1006.2,12.98,1.19,57.93,63.56,23.8,170121.0,100.0
Mandya,B0109 pandavapura,4874,63.23,25.61,25.0,95.0,3.27,193.0,167.0,86.53,13.47,91.71,17541.0,9203.0,517.0,17.8,50.87,64.02,99.4,100.0,73.65,99.4,60.48,9.58,100.0,94.61,95.21,92.81,8.75,1.75,3.04,0.54,8.56,6.91,233.78,55.1,65.78,13.59,990.5,12.52,1.6,51.2,71.46,12.42,162953.0,100.0
Mandya,B0132 srirangapatna,4035,57.24,28.16,15.0,90.0,4.63,,,,,,,,,,,,,,,,,,,,,,,,,,,,,,71.42,9.38,997.4,15.81,1.86,48.52,54.3,18.79,155130.0,94.15
Mandya,B0148 h.d.kote,108,52.73,27.64,15.0,90.0,1.76,,,,,,,,,,,,,,,,,,,,,,,,,,,,,,,,,,,,,,,
Mandya,B0155 krishnaraja pet,6661,50.47,26.83,15.0,85.0,4.83,348.0,314.0,90.23,9.77,94.25,20112.0,12086.0,769.0,15.72,37.45,50.46,98.73,100.0,66.24,100.0,11.78,5.73,99.36,94.9,92.36,95.22,3.59,1.31,2.39,0.41,7.14,5.43,234.6,38.5,68.72,14.1,1000.1,12.66,2.4,51.19,67.85,21.22,234533.0,100.0
Mandya,B0158 mandya north,4277,56.91,25.82,20.0,90.0,3.39,175.0,167.0,95.43,4.57,100.0,9238.0,7121.0,422.0,16.87,61.14,59.0,100.0,100.0,88.02,97.6,71.26,5.39,99.4,89.22,91.62,97.01,7.32,1.47,3.38,1.05,1.31,3.16,233.57,42.6,,,,,,,,,,
Mandya,B0159 mandya south,2712,55.77,28.07,15.0,95.0,4.08,186.0,125.0,67.2,32.8,56.45,30362.0,8823.0,395.0,22.34,70.63,49.62,100.0,99.2,64.8,96.8,75.2,16.8,100.0,92.8,81.6,84.0,8.13,1.7,4.96,1.18,4.48,1.3,230.63,70.6,,,,,,,,,,
Mysuru,B0104 nanjanagud,8896,52.77,28.42,10.0,90.0,5.9,321.0,277.0,86.29,13.71,88.79,42475.0,24823.0,1234.0,20.12,58.83,66.61,100.0,100.0,93.14,97.47,99.64,18.41,94.58,96.03,95.67,92.06,5.24,1.93,4.0,2.49,11.48,5.66,236.42,89.6,59.07,11.46,989.7,23.19,14.87,45.55,59.08,18.5,334324.0,100.0
Mysuru,B0133 t.n.pura,6954,59.33,27.13,20.0,95.0,4.93,276.0,235.0,85.14,14.86,85.14,28257.0,14775.0,817.0,18.08,56.67,60.47,100.0,100.0,89.36,98.72,48.94,8.09,94.47,97.45,97.87,92.77,4.42,1.37,3.3,0.76,10.17,7.86,231.98,62.9,,,,,,,,,,
Mysuru,B0148 h.d.kote,5867,52.21,27.8,15.0,90.0,4.5,350.0,324.0,92.57,7.43,90.57,26539.0,19274.0,1119.0,17.22,52.73,67.65,100.0,100.0,99.07,98.46,100.0,9.88,100.0,97.53,100.0,95.99,4.42,1.63,3.14,1.25,7.41,6.35,234.55,59.5,,,,,,,,,,
Mysuru,B0150 hunsur,5616,51.95,26.82,15.0,90.0,3.49,351.0,300.0,85.47,14.53,88.32,35776.0,17801.0,1015.0,17.54,52.71,61.38,100.0,100.0,90.67,94.67,100.0,11.33,99.0,99.0,98.67,92.33,4.11,1.57,2.99,3.65,11.96,8.32,232.89,59.3,63.96,14.13,975.0,19.19,18.29,52.79,69.29,17.89,232098.0,100.0
Mysuru,B0156 krishnarajanagara,3785,53.92,28.04,15.0,90.0,1.63,,,,,,,,,,,,,,,,,,,,,,,,,,,,,,66.0,14.05,996.1,15.05,6.99,52.12,63.37,23.96,216852.0,100.0
Mysuru,B0162 mysore rural,5223,55.3,26.85,15.0,90.0,4.75,372.0,232.0,62.37,37.63,99.73,76123.0,19440.0,1009.0,19.27,70.17,58.77,100.0,100.0,84.05,97.41,82.76,21.12,96.98,99.57,98.71,93.1,5.75,1.94,4.04,1.55,9.59,7.35,235.24,83.8,70.44,10.73,956.8,16.5,13.15,41.22,28.9,18.92,388706.0,68.83
Mysuru,B0164 periya patna,5255,64.47,25.47,30.0,95.0,4.16,314.0,280.0,89.17,10.83,94.27,24781.0,13977.0,744.0,18.79,44.22,63.84,100.0,100.0,96.43,97.5,93.57,10.0,96.07,99.29,97.5,91.43,5.13,1.36,2.94,2.19,11.94,8.26,235.76,49.9,70.04,15.26,943.8,17.82,8.31,49.59,71.34,15.14,226391.0,100.0
Raichur,B0039 devadurga,14171,42.82,26.89,5.0,80.0,-0.07,398.0,333.0,83.67,16.33,85.68,52341.0,43099.0,1164.0,37.03,45.88,80.58,93.09,94.59,34.53,83.48,13.51,6.91,68.77,84.38,64.86,93.69,14.06,1.54,3.54,0.77,6.55,3.05,226.81,129.4,47.17,23.09,1004.8,21.98,34.99,51.07,71.16,18.55,251677.0,100.0
Raichur,B0089 lingasugur,15003,45.25,26.95,10.0,80.0,-2.66,438.0,341.0,77.85,22.15,72.37,68045.0,50644.0,1200.0,42.2,40.58,68.5,95.6,91.79,36.66,93.55,13.78,6.45,78.59,81.52,65.98,92.08,6.69,1.62,4.91,0.6,3.79,2.82,233.55,148.5,57.66,22.55,984.4,24.24,19.79,46.79,56.64,25.56,314021.0,94.82
Raichur,B0096 manvi,12586,49.01,28.14,10.0,85.0,-0.3,403.0,289.0,71.71,28.29,80.65,60282.0,40636.0,919.0,44.22,45.38,76.82,97.58,96.54,39.1,92.39,19.72,8.3,73.01,89.97,62.63,91.35,17.39,1.68,4.79,1.09,3.81,3.16,229.62,140.6,52.81,19.88,1014.9,21.97,25.81,51.17,68.5,20.57,324205.0,100.0
Raichur,B0111 raichur,13764,49.59,28.8,10.0,90.0,3.25,452.0,294.0,65.04,34.96,54.42,97939.0,55237.0,1237.0,44.65,62.09,66.05,96.94,98.98,57.14,94.22,20.41,8.84,62.24,74.49,69.05,82.65,18.84,1.73,5.73,0.42,4.52,1.75,230.53,187.9,53.74,22.06,1005.8,22.15,20.2,50.81,59.53,22.01,264564.0,93.54
Raichur,B0126 sindhanur,14600,46.61,27.41,10.0,85.0,0.11,453.0,320.0,70.64,29.36,71.96,62365.0,41416.0,1089.0,38.03,36.73,78.6,98.75,84.38,51.56,95.94,35.62,11.88,79.06,88.12,80.31,87.19,18.09,1.75,4.76,0.66,6.4,4.51,230.14,129.4,59.71,18.61,1005.6,18.82,15.52,51.13,70.41,17.3,317363.0,100.0
Ramanagara,B0077 kanakapura,8568,57.12,27.2,15.0,90.0,4.45,448.0,390.0,87.05,12.95,92.63,31806.0,16084.0,779.0,20.65,60.46,70.6,99.23,100.0,42.56,96.41,13.08,7.69,90.26,87.69,92.31,94.1,3.97,1.61,2.41,0.91,9.99,6.71,234.63,41.2,61.85,14.88,965.2,20.64,2.26,52.09,67.3,13.18,296863.0,100.0
Ramanagara,B0112 ramanagara,4460,76.26,23.03,45.0,100.0,2.6,331.0,257.0,77.64,22.36,66.47,37055.0,13606.0,651.0,20.9,62.83,48.54,100.0,100.0,32.3,98.83,29.18,11.67,91.44,93.0,92.22,89.49,8.43,1.48,3.02,0.68,10.16,5.16,222.53,52.9,69.63,15.35,943.4,19.21,4.06,50.79,57.01,7.09,171447.0,94.22
Ramanagara,B0146 channapatna,6050,52.24,27.81,15.0,90.0,6.06,275.0,226.0,82.18,17.82,75.27,24933.0,12450.0,626.0,19.89,60.38,64.54,99.12,100.0,47.79,97.79,64.6,13.72,88.94,97.79,90.27,86.73,6.94,1.5,2.99,1.08,7.12,6.07,238.8,55.1,64.97,13.67,1007.9,18.69,0.38,50.81,59.64,14.6,189362.0,100.0
Ramanagara,B0157 magadi,5868,56.47,26.89,15.0,90.0,3.41,358.0,331.0,92.46,7.54,93.85,18866.0,10176.0,717.0,14.19,46.3,41.98,99.7,100.0,35.65,98.19,23.26,4.83,94.26,95.17,94.26,90.03,4.33,1.34,2.24,0.44,14.11,5.1,227.0,30.7,69.08,14.1,985.0,21.12,3.11,53.96,57.2,21.93,176236.0,94.83
Tumakuru,B0031 chiknayakanhalli,8784,63.08,25.18,25.0,95.0,3.16,343.0,318.0,92.71,7.29,93.0,18266.0,12915.0,801.0,16.12,45.82,43.45,98.43,100.0,33.02,94.97,14.47,7.55,93.08,93.71,90.25,93.71,1.28,1.39,2.38,0.48,5.7,4.75,237.7,40.6,75.41,9.74,1006.9,19.12,8.7,49.19,54.31,24.12,188924.0,92.43
Tumakuru,B0046 gubbi,11721,72.47,25.39,30.0,100.0,1.73,415.0,390.0,93.98,6.02,97.35,25732.0,14471.0,930.0,15.56,58.92,48.28,98.46,99.74,74.87,98.46,21.28,10.77,89.23,92.82,89.23,92.82,3.41,1.36,2.24,0.33,7.47,6.2,237.71,37.1,73.56,10.74,986.3,16.8,7.49,54.29,61.09,22.05,244072.0,100.0
Tumakuru,B0082 koratagere,5775,59.13,26.3,20.0,90.0,4.54,,,,,,,,,,,,,,,,,,,,,,,,,,,,,,70.6,12.82,984.7,23.59,10.51,58.56,61.19,24.13,152326.0,100.0
Tumakuru,B0087 kunigal,7076,61.54,26.04,25.0,95.0,4.09,392.0,363.0,92.6,7.4,91.84,20939.0,10106.0,697.0,14.5,55.24,48.49,98.9,99.72,36.36,99.17,82.92,5.23,84.02,97.52,94.21,90.63,1.69,1.15,2.06,1.21,7.74,6.24,238.17,27.8,65.89,14.9,1006.9,14.22,1.22,56.17,65.72,16.75,191628.0,100.0
Tumakuru,B0091 madhugiri,9112,51.69,27.36,15.0,90.0,3.08,,,,,,,,,,,,,,,,,,,,,,,,,,,,,,68.03,15.32,987.8,24.93,12.35,58.11,64.01,21.32,238707.0,100.0
Tumakuru,B0127 sira,13283,54.38,26.97,15.0,90.0,2.99,,,,,,,,,,,,,,,,,,,,,,,,,,,,,,69.24,14.97,972.0,23.8,10.45,55.2,58.97,23.35,256204.0,100.0
Tumakuru,B0135 tiptur,6816,66.06,24.54,30.0,95.0,3.08,308.0,268.0,87.01,12.99,87.34,21185.0,9111.0,668.0,13.64,61.53,49.55,98.88,100.0,46.27,98.88,12.69,5.97,93.28,97.39,96.27,94.03,2.66,1.17,2.55,0.46,4.78,4.72,231.92,34.0,79.8,8.88,1006.6,15.93,3.99,48.67,50.93,24.5,163206.0,100.0
Tumakuru,B0136 tumkur,11261,63.97,25.02,25.0,95.0,2.86,634.0,493.0,77.76,22.24,71.29,76664.0,30285.0,1591.0,19.04,70.52,46.57,100.0,100.0,35.09,96.35,17.04,11.76,77.89,97.77,88.84,86.21,3.53,1.57,3.21,0.66,7.05,6.01,239.43,61.4,76.05,14.24,931.5,21.11,7.63,49.59,51.39,19.43,290254.0,100.0
Tumakuru,B0137 turuvekere,6426,72.29,24.09,35.0,100.0,3.52,288.0,271.0,94.1,5.9,94.1,13858.0,7572.0,597.0,12.68,51.76,48.24,99.63,100.0,38.01,98.52,8.12,4.06,90.77,97.05,91.51,92.99,2.66,1.15,2.1,0.75,8.37,6.41,239.21,27.9,76.31,10.34,1013.2,13.67,2.8,50.52,59.95,21.87,154800.0,98.31
Tumakuru,B0168 pavagada,3857,72.34,22.92,40.0,100.0,2.18,,,,,,,,,,,,,,,,,,,,,,,,,,,,,,64.6,16.96,981.2,28.7,17.63,56.76,62.16,21.24,216708.0,100.0
Udupi,B0022 brahmavara,1850,73.54,23.26,40.0,100.0,4.59,,,,,,,,,,,,,,,,,,,,,,,,,,,,,,,,,,,,,,,
Udupi,B0024 byndoor,560,85.1,15.72,64.5,100.0,-2.04,208.0,189.0,90.87,9.13,99.52,23663.0,12951.0,599.0,21.62,59.6,75.13,100.0,100.0,86.24,66.14,28.04,10.58,100.0,98.41,100.0,97.35,10.22,1.41,3.47,0.64,3.41,7.1,231.07,68.5,,,,,,,,,,
Udupi,B0138 udupi,405,62.65,25.6,22.0,95.0,2.88,152.0,102.0,67.11,32.89,67.76,35726.0,11177.0,375.0,29.81,84.53,64.0,100.0,100.0,92.16,95.1,73.53,15.69,87.25,98.04,100.0,96.08,14.89,2.57,5.93,1.34,3.49,5.02,224.17,109.6,88.17,-0.07,1093.0,5.98,4.59,43.64,19.38,8.97,422370.0,71.52
Uttara Kannada,B0101 mundagod,466,60.28,26.75,20.0,90.0,7.55,,,,,,,,,,,,,,,,,,,,,,,,,,,,,,78.13,21.03,819.7,15.5,6.13,43.21,67.6,18.33,87308.0,95.8
Uttara Kannada,B0144 yellapur,335,83.43,18.87,55.0,100.0,4.87,,,,,,,,,,,,,,,,,,,,,,,,,,,,,,78.43,9.22,969.0,4.23,8.43,50.79,48.47,16.9,58210.0,100.0
Vijayanagara,B0051 hadagali,8727,47.12,28.03,10.0,85.0,-0.71,202.0,155.0,76.73,23.27,86.14,29456.0,19110.0,735.0,26.0,35.51,67.48,95.48,99.35,47.74,92.9,9.68,12.26,87.74,77.42,79.35,94.84,18.0,1.3,5.07,1.12,7.48,4.76,231.43,123.3,,,,,,,,,,
Vijayanagara,B0052 hagaribommanahalli,11100,43.33,27.42,5.0,80.0,2.14,189.0,141.0,74.6,25.4,80.42,31600.0,24660.0,788.0,31.29,35.15,70.18,96.45,100.0,52.48,97.87,16.31,16.31,95.04,92.91,87.23,90.78,27.61,1.67,5.96,0.83,6.09,3.84,234.09,174.9,,,,,,,,,,
Vijayanagara,B0055 harapanahalli,17073,41.31,27.57,5.0,80.0,0.91,341.0,286.0,83.87,16.13,87.68,39522.0,30527.0,1184.0,25.78,42.15,64.36,96.15,96.5,51.05,95.1,19.23,8.39,87.41,58.39,85.31,92.31,10.47,1.25,3.92,1.08,7.73,4.74,229.97,106.7,,,,,,,,,,
Vijayanagara,B0065 hosapete,9803,43.55,27.24,5.0,80.0,1.68,,,,,,,,,,,,,,,,,,,,,,,,,,,,,,,,,,,,,,,
Vijayanagara,B0084 kudligi,14706,42.96,28.99,5.0,85.0,2.59,365.0,290.0,79.45,20.55,80.0,45688.0,33701.0,1136.0,29.67,39.26,62.94,95.17,91.38,35.86,97.93,13.1,8.28,76.55,83.79,68.62,94.48,13.93,1.3,4.68,0.26,2.12,1.75,230.51,116.2,,,,,,,,,,
Vijayapura,B0016 basavan bagewadi,11240,63.2,27.99,20.0,95.0,0.98,452.0,314.0,69.47,30.53,74.34,59725.0,40777.0,1459.0,27.95,41.6,55.38,97.77,99.36,74.2,87.58,32.17,10.51,90.45,83.76,81.85,81.53,5.9,1.15,4.81,0.89,6.23,3.91,227.94,129.9,64.09,19.39,969.0,21.01,2.43,45.24,59.09,20.89,315523.0,100.0
Vijayapura,B0025 chadachan,6301,66.96,26.58,25.0,95.0,1.93,257.0,199.0,77.43,22.57,92.22,32489.0,22659.0,791.0,28.65,30.09,52.72,93.97,99.5,92.96,71.86,19.6,13.07,68.34,83.92,69.35,87.94,5.1,1.09,3.87,1.26,7.36,4.23,235.1,113.9,,,,,,,,,,
Vijayapura,B0070 indi,11400,53.22,29.37,10.0,90.0,2.11,376.0,291.0,77.39,22.61,83.24,49797.0,33254.0,1202.0,27.67,31.11,54.58,95.19,99.31,95.53,83.85,29.55,4.81,87.29,80.07,82.47,83.51,3.89,1.12,3.97,0.77,5.03,3.8,229.03,114.3,62.79,20.39,932.8,19.41,1.95,44.6,70.78,13.13,382952.0,100.0
Vijayapura,B0125 sindagi,12843,49.9,28.75,10.0,90.0,0.65,543.0,360.0,66.3,33.7,78.64,75572.0,54381.0,1722.0,31.58,35.42,56.97,84.72,94.44,78.61,74.17,17.78,6.67,83.33,78.33,60.56,78.89,1.99,1.15,4.62,0.52,5.39,3.24,231.23,151.1,61.8,21.82,949.6,19.79,1.01,46.55,69.44,16.86,358449.0,100.0
Vijayapura,B0134 talikoti,298,76.02,18.32,50.0,95.0,2.2,,,,,,,,,,,,,,,,,,,,,,,,,,,,,,,,,,,,,,,
Vijayapura,B0139 vijayapura rural,16624,61.69,27.64,20.0,95.0,1.34,,,,,,,,,,,,,,,,,,,,,,,,,,,,,,,,,,,,,,,
Vijayapura,B0161 muddebihal,10877,50.98,29.57,10.0,90.0,0.5,385.0,268.0,69.61,30.39,70.65,50076.0,33941.0,1245.0,27.26,43.45,56.47,89.18,97.76,63.81,90.3,29.48,8.96,65.3,80.97,68.28,83.21,3.89,1.3,4.87,0.48,6.75,2.9,233.07,126.6,64.77,21.4,983.4,21.91,3.74,46.8,56.79,21.39,224781.0,100.0
Yadgir,B0120 shahapur,14094,46.78,27.93,10.0,85.0,-0.6,,,,,,,,,,,,,,,,,,,,,,,,,,,,,,47.14,22.8,987.4,26.48,9.8,49.13,66.91,18.39,302226.0,97.5
Yadgir,B0123 shorapur,19558,50.85,28.97,10.0,90.0,-1.04,,,,,,,,,,,,,,,,,,,,,,,,,,,,,,52.64,23.89,978.5,21.66,20.59,47.96,64.57,20.24,360893.0,100.0
Yadgir,B0141 yadgir,11201,45.5,28.04,10.0,85.0,-0.44,,,,,,,,,,,,,,,,,,,,,,,,,,,,,,41.3,22.78,1007.5,27.95,8.38,49.8,61.31,23.92,303451.0,98.21
