district,year,year_n,n_students,pct_mean,pct_sd,pct_floor,pct_p90,gender_gap_pp
Bagalkote,2022-23,2022,3749,66.89,24.31,30.0,95.0,1.76
Bagalkote,2023-24,2023,22719,57.05,28.0,15.0,90.0,1.28
Bagalkote,2024-25,2024,34676,59.37,27.84,15.0,95.0,2.26
Ballari,2022-23,2022,14122,48.82,29.07,10.0,90.0,1.47
Ballari,2023-24,2023,13160,43.53,29.43,5.0,85.0,1.88
Ballari,2024-25,2024,18779,36.49,27.78,0.0,80.0,2.41
Belagavi,2022-23,2022,6669,72.39,22.08,40.0,95.0,2.69
Belagavi,2023-24,2023,42401,65.04,24.96,30.0,95.0,1.86
Belagavi,2024-25,2024,66622,61.37,26.71,20.0,95.0,1.6
Bengaluru Rural,2022-23,2022,9611,66.13,26.58,25.0,95.0,1.99
Bengaluru Rural,2023-24,2023,9199,55.73,27.3,15.0,90.0,1.05
Bengaluru Rural,2024-25,2024,8821,62.73,27.38,20.0,95.0,2.79
Bidar,2022-23,2022,15289,51.78,29.61,10.0,90.0,1.09
Bidar,2023-24,2023,12968,39.58,28.24,5.0,80.0,1.7
Bidar,2024-25,2024,14676,43.9,28.63,5.0,85.0,1.17
Chamarajanagara,2022-23,2022,11675,53.56,27.71,10.0,90.0,7.19
Chamarajanagara,2023-24,2023,7300,47.57,27.53,10.0,85.0,7.02
Chamarajanagara,2024-25,2024,11201,49.67,27.33,10.0,85.0,4.91
Chikkaballapura,2022-23,2022,10988,53.56,28.1,10.0,90.0,2.89
Chikkaballapura,2023-24,2023,11209,44.35,26.79,10.0,80.0,3.51
Chikkaballapura,2024-25,2024,14138,48.46,27.93,10.0,85.0,2.48
Chikkamagaluru,2023-24,2023,14794,58.02,26.61,20.0,90.0,3.67
Chikkamagaluru,2024-25,2024,14100,62.24,26.53,25.0,95.0,2.57
Chitradurga,2022-23,2022,29621,45.76,29.84,5.0,85.0,3.8
Chitradurga,2023-24,2023,28302,40.03,27.84,5.0,80.0,3.21
Chitradurga,2024-25,2024,29415,41.32,29.1,5.0,85.0,3.42
Dakshina Kannada,2022-23,2022,1623,72.92,22.31,40.0,95.0,4.8
Davanagere,2022-23,2022,7311,51.72,29.13,10.0,90.0,4.13
Davanagere,2023-24,2023,11246,48.54,27.36,10.0,85.0,4.88
Davanagere,2024-25,2024,19779,48.81,29.16,10.0,90.0,4.74
Dharwad,2022-23,2022,19948,67.64,25.39,30.0,95.0,2.99
Dharwad,2023-24,2023,21818,60.45,26.0,20.0,95.0,3.06
Dharwad,2024-25,2024,25046,61.32,26.9,20.0,95.0,2.91
Gadag,2022-23,2022,11839,56.34,26.35,15.0,90.0,3.4
Gadag,2023-24,2023,18732,49.94,27.73,10.0,85.0,2.26
Gadag,2024-25,2024,20840,52.91,27.96,10.0,90.0,2.58
Hassan,2022-23,2022,5441,66.14,25.01,30.0,95.0,3.37
Hassan,2023-24,2023,19548,55.91,26.49,15.0,90.0,3.72
Hassan,2024-25,2024,20228,61.43,26.77,20.0,95.0,3.68
Haveri,2022-23,2022,5145,71.87,22.6,40.0,95.0,4.37
Haveri,2023-24,2023,19774,54.48,26.22,15.0,90.0,3.69
Haveri,2024-25,2024,29072,58.81,26.6,20.0,90.0,4.4
Kalaburagi,2022-23,2022,33654,46.24,29.22,5.0,85.0,0.49
Kalaburagi,2023-24,2023,28228,38.11,26.69,5.0,75.0,0.66
Kalaburagi,2024-25,2024,29765,40.93,27.78,5.0,80.0,0.9
Kodagu,2022-23,2022,5031,56.99,27.13,15.0,90.0,3.53
Kodagu,2023-24,2023,4233,50.44,26.58,15.0,85.0,3.58
Kodagu,2024-25,2024,4283,55.23,26.32,20.0,90.0,3.09
Kolar,2022-23,2022,6725,58.03,27.45,15.0,90.0,3.63
Kolar,2023-24,2023,14908,48.14,26.55,10.0,85.0,2.04
Kolar,2024-25,2024,12746,53.45,28.32,15.0,90.0,1.81
Koppal,2022-23,2022,20168,54.61,27.1,15.0,90.0,0.91
Koppal,2023-24,2023,20083,46.17,26.31,10.0,80.0,0.53
Koppal,2024-25,2024,23056,42.16,27.36,5.0,80.0,1.06
Mandya,2022-23,2022,4976,72.34,20.81,45.0,95.0,3.17
Mandya,2023-24,2023,20086,52.64,26.75,15.0,90.0,4.24
Mandya,2024-25,2024,17313,56.58,27.16,15.0,90.0,4.1
Mysuru,2022-23,2022,2880,53.92,28.07,10.0,90.0,5.93
Mysuru,2023-24,2023,9973,55.17,26.02,20.0,90.0,3.28
Mysuru,2024-25,2024,28743,55.88,28.12,15.0,90.0,4.72
Raichur,2022-23,2022,26761,49.41,28.08,10.0,85.0,0.52
Raichur,2023-24,2023,20232,45.04,26.56,10.0,80.0,0.58
Raichur,2024-25,2024,23131,44.62,28.06,5.0,85.0,-0.22
Ramanagara,2022-23,2022,1476,67.84,24.59,30.0,95.0,4.24
Ramanagara,2023-24,2023,13150,58.76,27.37,20.0,95.0,4.76
Ramanagara,2024-25,2024,10320,58.53,28.59,15.0,95.0,4.45
Tumakuru,2022-23,2022,18683,71.25,24.18,35.0,95.0,3.04
Tumakuru,2023-24,2023,31662,58.78,26.77,20.0,90.0,2.7
Tumakuru,2024-25,2024,33766,62.06,26.72,20.0,95.0,3.5
Udupi,2022-23,2022,2815,74.27,23.28,40.0,100.0,3.8
Uttara Kannada,2022-23,2022,801,69.96,26.37,30.0,100.0,7.76
Vijayanagara,2022-23,2022,18878,52.18,28.22,10.0,90.0,1.97
Vijayanagara,2023-24,2023,19149,40.88,26.27,5.0,80.0,0.61
Vijayanagara,2024-25,2024,23382,38.0,27.36,5.0,80.0,1.9
Vijayapura,2022-23,2022,2568,74.66,22.48,45.0,95.0,4.88
Vijayapura,2023-24,2023,22264,50.9,28.51,10.0,90.0,1.13
Vijayapura,2024-25,2024,44751,59.38,28.93,15.0,95.0,1.51
Yadgir,2022-23,2022,14255,54.54,28.3,10.0,90.0,-1.05
Yadgir,2023-24,2023,13719,46.84,28.08,10.0,85.0,-0.55
Yadgir,2024-25,2024,16879,44.04,28.11,5.0,85.0,-0.51
