district,block,year,year_n,n_students,pct_mean,pct_sd,pct_floor,pct_p90,gender_gap_pp
Bagalkote,B0008 badami,2022-23,2022,615,69.17,23.55,35.0,95.0,2.28
Bagalkote,B0008 badami,2023-24,2023,5270,60.93,26.28,20.0,90.0,1.26
Bagalkote,B0008 badami,2024-25,2024,8403,61.37,27.2,20.0,95.0,2.12
Bagalkote,B0009 bagalkot,2022-23,2022,332,75.83,21.87,40.0,100.0,-1.94
Bagalkote,B0009 bagalkot,2023-24,2023,3017,71.16,24.46,35.0,95.0,1.22
Bagalkote,B0009 bagalkot,2024-25,2024,5222,70.41,24.09,35.0,95.0,1.64
Bagalkote,B0021 bilagi,2022-23,2022,994,62.56,25.59,20.0,90.0,4.42
Bagalkote,B0021 bilagi,2023-24,2023,3197,54.82,27.56,15.0,90.0,2.21
Bagalkote,B0021 bilagi,2024-25,2024,4171,56.49,26.94,15.0,90.0,4.04
Bagalkote,B0069 hunagund,2022-23,2022,577,69.1,21.49,35.0,90.0,2.66
Bagalkote,B0069 hunagund,2023-24,2023,4166,55.87,28.59,10.0,90.0,0.29
Bagalkote,B0069 hunagund,2024-25,2024,5471,59.77,28.35,15.0,95.0,2.49
Bagalkote,B0072 jamakhandi,2022-23,2022,586,73.91,20.78,45.0,95.0,-1.39
Bagalkote,B0072 jamakhandi,2023-24,2023,4141,51.01,28.14,10.0,90.0,3.41
Bagalkote,B0072 jamakhandi,2024-25,2024,6743,57.44,28.08,15.0,95.0,2.07
Bagalkote,B0099 mudhol,2022-23,2022,645,58.45,25.56,25.0,90.0,0.76
Bagalkote,B0099 mudhol,2023-24,2023,2928,48.21,27.24,10.0,85.0,1.81
Bagalkote,B0099 mudhol,2024-25,2024,4666,48.28,27.74,10.0,85.0,3.29
Ballari,B0012 ballari east,2022-23,2022,3980,46.17,29.62,5.0,85.0,3.03
Ballari,B0012 ballari east,2023-24,2023,3757,47.38,30.27,5.0,85.0,3.26
Ballari,B0012 ballari east,2024-25,2024,5027,40.86,29.48,5.0,85.0,4.03
Ballari,B0013 ballari west,2022-23,2022,2013,47.32,27.99,10.0,85.0,3.24
Ballari,B0013 ballari west,2023-24,2023,1756,42.94,27.79,5.0,80.0,2.56
Ballari,B0013 ballari west,2024-25,2024,2842,33.73,26.31,0.0,75.0,0.96
Ballari,B0084 kudligi,2023-24,2023,103,47.04,29.43,6.0,89.0,0.68
Ballari,B0117 sandur,2022-23,2022,3812,54.69,28.84,10.0,90.0,0.92
Ballari,B0117 sandur,2023-24,2023,3822,48.15,30.02,10.0,90.0,1.67
Ballari,B0117 sandur,2024-25,2024,4935,33.07,26.2,0.0,75.0,2.49
Ballari,B0128 siruguppa,2022-23,2022,4317,46.77,28.53,10.0,85.0,0.24
Ballari,B0128 siruguppa,2023-24,2023,3722,35.09,26.77,5.0,75.0,0.3
Ballari,B0128 siruguppa,2024-25,2024,5975,36.95,27.72,0.0,80.0,1.31
Belagavi,B0006 athani,2022-23,2022,298,63.14,25.84,25.0,95.0,10.53
Belagavi,B0006 athani,2023-24,2023,3116,56.36,26.47,20.0,90.0,2.2
Belagavi,B0006 athani,2024-25,2024,6444,53.22,27.49,15.0,90.0,2.83
Belagavi,B0011 bailhongal,2022-23,2022,1496,74.79,19.67,50.0,95.0,0.06
Belagavi,B0011 bailhongal,2023-24,2023,4087,67.15,24.08,30.0,95.0,2.55
Belagavi,B0011 bailhongal,2024-25,2024,6364,60.71,26.71,20.0,95.0,3.39
Belagavi,B0017 belgaum rural,2022-23,2022,791,77.4,18.18,55.0,100.0,3.79
Belagavi,B0017 belgaum rural,2023-24,2023,3435,64.06,24.1,30.0,90.0,3.26
Belagavi,B0017 belgaum rural,2024-25,2024,6507,66.48,22.39,35.0,95.0,3.07
Belagavi,B0032 chikodi,2022-23,2022,241,79.71,19.77,50.0,100.0,-1.09
Belagavi,B0032 chikodi,2023-24,2023,2936,77.2,17.96,50.0,100.0,0.49
Belagavi,B0032 chikodi,2024-25,2024,4229,72.57,22.48,40.0,100.0,2.42
Belagavi,B0045 gokak,2022-23,2022,302,75.07,19.07,45.0,95.0,2.45
Belagavi,B0045 gokak,2023-24,2023,2518,68.61,22.2,35.0,95.0,1.66
Belagavi,B0045 gokak,2024-25,2024,3088,64.25,25.83,25.0,95.0,0.77
Belagavi,B0067 hukkeri,2022-23,2022,300,73.58,18.51,50.0,95.0,0.23
Belagavi,B0067 hukkeri,2023-24,2023,3368,73.21,22.44,45.0,95.0,0.23
Belagavi,B0067 hukkeri,2024-25,2024,7559,68.86,23.57,35.0,95.0,1.43
Belagavi,B0075 kagwad,2022-23,2022,205,54.32,27.63,15.0,90.0,14.95
Belagavi,B0075 kagwad,2023-24,2023,913,58.35,26.13,20.0,90.0,4.52
Belagavi,B0075 kagwad,2024-25,2024,1098,51.65,28.33,10.0,90.0,6.34
Belagavi,B0078 khanapur,2022-23,2022,781,70.5,24.02,35.0,95.0,4.87
Belagavi,B0078 khanapur,2023-24,2023,2639,62.45,24.26,25.0,90.0,2.09
Belagavi,B0078 khanapur,2024-25,2024,2011,62.29,24.61,25.0,90.0,3.24
Belagavi,B0098 mudalgi,2022-23,2022,293,71.21,20.05,45.0,95.0,5.27
Belagavi,B0098 mudalgi,2023-24,2023,3406,56.64,25.95,20.0,90.0,2.44
Belagavi,B0098 mudalgi,2024-25,2024,7872,46.66,27.66,10.0,85.0,0.13
Belagavi,B0108 nippani,2022-23,2022,256,49.49,29.95,5.0,85.0,-4.01
Belagavi,B0108 nippani,2023-24,2023,1375,58.79,27.23,15.0,90.0,-2.46
Belagavi,B0108 nippani,2024-25,2024,2014,66.79,24.85,30.0,95.0,-0.33
Belagavi,B0110 raibag,2022-23,2022,294,74.34,22.79,40.0,100.0,-2.31
Belagavi,B0110 raibag,2023-24,2023,3446,55.94,27.67,15.0,90.0,1.97
Belagavi,B0110 raibag,2024-25,2024,3491,55.15,27.68,15.0,90.0,0.89
Belagavi,B0113 ramdurg,2022-23,2022,722,78.41,17.88,55.0,100.0,3.43
Belagavi,B0113 ramdurg,2023-24,2023,3747,64.53,24.38,30.0,95.0,1.05
Belagavi,B0113 ramdurg,2024-25,2024,7016,61.22,27.47,20.0,95.0,1.0
Belagavi,B0130 soundatti,2022-23,2022,690,70.57,19.78,45.0,95.0,2.63
Belagavi,B0130 soundatti,2023-24,2023,5166,71.3,22.36,40.0,95.0,2.85
Belagavi,B0130 soundatti,2024-25,2024,6351,68.5,24.02,35.0,95.0,1.41
Belagavi,B0153 kittur,2023-24,2023,2249,65.36,23.79,30.0,95.0,3.28
Belagavi,B0153 kittur,2024-25,2024,2578,62.0,24.74,25.0,90.0,1.64
Bengaluru Rural,B0040 devanahalli,2022-23,2022,2056,82.68,20.65,57.5,100.0,2.13
Bengaluru Rural,B0040 devanahalli,2023-24,2023,1657,78.9,20.88,50.0,100.0,1.18
Bengaluru Rural,B0040 devanahalli,2024-25,2024,2223,81.57,19.79,55.0,100.0,1.84
Bengaluru Rural,B0042 doddaballapura,2022-23,2022,2818,60.75,26.73,20.0,90.0,0.54
Bengaluru Rural,B0042 doddaballapura,2023-24,2023,2525,49.21,25.68,15.0,85.0,0.19
Bengaluru Rural,B0042 doddaballapura,2024-25,2024,2159,55.34,26.04,20.0,90.0,1.42
Bengaluru Rural,B0064 hosakote,2022-23,2022,2589,60.7,27.24,20.0,95.0,3.06
Bengaluru Rural,B0064 hosakote,2023-24,2023,2786,47.05,26.34,10.0,85.0,2.41
Bengaluru Rural,B0064 hosakote,2024-25,2024,2512,53.92,27.52,15.0,90.0,5.02
Bengaluru Rural,B0107 nelamangala,2022-23,2022,2148,63.9,24.12,25.0,90.0,4.01
Bengaluru Rural,B0107 nelamangala,2023-24,2023,2231,56.73,24.38,20.0,90.0,0.91
Bengaluru Rural,B0107 nelamangala,2024-25,2024,1927,60.78,25.66,25.0,90.0,3.81
Bidar,B0007 aurad,2022-23,2022,1937,61.6,27.08,20.0,90.0,0.44
Bidar,B0007 aurad,2023-24,2023,1438,50.5,28.89,10.0,90.0,0.49
Bidar,B0007 aurad,2024-25,2024,2495,55.86,27.79,15.0,90.0,-1.25
Bidar,B0015 basavakalyan,2022-23,2022,3706,47.04,29.9,5.0,90.0,-0.41
Bidar,B0015 basavakalyan,2023-24,2023,3341,37.07,27.5,5.0,80.0,0.67
Bidar,B0015 basavakalyan,2024-25,2024,3463,41.25,27.64,5.0,85.0,1.57
Bidar,B0019 bhalki,2022-23,2022,3155,47.35,29.57,5.0,90.0,2.02
Bidar,B0019 bhalki,2023-24,2023,2908,37.02,27.07,5.0,75.0,1.14
Bidar,B0019 bhalki,2024-25,2024,2841,40.24,27.42,5.0,80.0,2.1
Bidar,B0020 bidar,2022-23,2022,2849,47.01,28.67,5.0,85.0,0.72
Bidar,B0020 bidar,2023-24,2023,2283,35.77,26.95,5.0,80.0,1.69
Bidar,B0020 bidar,2024-25,2024,2727,40.34,28.17,5.0,80.0,2.34
Bidar,B0068 humnabad,2022-23,2022,3642,58.96,28.65,15.0,90.0,2.4
Bidar,B0068 humnabad,2023-24,2023,2998,42.53,29.22,5.0,85.0,3.68
Bidar,B0068 humnabad,2024-25,2024,3150,43.73,29.3,5.0,85.0,1.87
Chamarajanagara,B0027 chamarajanagar,2022-23,2022,3543,56.23,26.88,15.0,90.0,7.53
Chamarajanagara,B0027 chamarajanagar,2023-24,2023,381,53.27,26.77,15.0,90.0,7.39
Chamarajanagara,B0027 chamarajanagar,2024-25,2024,3746,49.39,27.3,10.0,85.0,4.67
Chamarajanagara,B0050 gundlupet,2022-23,2022,3263,54.53,27.9,15.0,90.0,8.71
Chamarajanagara,B0050 gundlupet,2023-24,2023,3165,47.48,27.68,10.0,85.0,8.11
Chamarajanagara,B0050 gundlupet,2024-25,2024,2846,47.65,27.63,10.0,85.0,5.56
Chamarajanagara,B0054 hanur,2022-23,2022,2252,50.28,27.97,10.0,90.0,4.63
Chamarajanagara,B0054 hanur,2023-24,2023,1669,46.96,27.91,10.0,85.0,5.69
Chamarajanagara,B0054 hanur,2024-25,2024,1820,51.37,28.28,10.0,90.0,4.78
Chamarajanagara,B0080 kollegala,2022-23,2022,1712,54.61,28.21,10.0,90.0,6.88
Chamarajanagara,B0080 kollegala,2023-24,2023,1592,47.06,27.36,10.0,85.0,5.88
Chamarajanagara,B0080 kollegala,2024-25,2024,1610,51.3,26.02,15.0,85.0,3.81
Chamarajanagara,B0142 yelandur,2022-23,2022,905,45.79,26.51,10.0,80.0,7.6
Chamarajanagara,B0142 yelandur,2023-24,2023,493,47.49,26.0,15.0,85.0,7.56
Chamarajanagara,B0142 yelandur,2024-25,2024,1179,50.56,26.64,15.0,90.0,5.59
Chikkaballapura,B0010 bagepally,2022-23,2022,2301,45.94,28.48,5.0,85.0,2.1
Chikkaballapura,B0010 bagepally,2023-24,2023,2345,38.82,25.44,5.0,75.0,1.76
Chikkaballapura,B0010 bagepally,2024-25,2024,2184,42.89,27.1,5.0,80.0,-0.76
Chikkaballapura,B0030 chikkaballapur,2022-23,2022,2370,56.6,26.86,15.0,90.0,3.84
Chikkaballapura,B0030 chikkaballapur,2023-24,2023,2484,48.65,26.59,10.0,85.0,5.61
Chikkaballapura,B0030 chikkaballapur,2024-25,2024,2423,51.23,27.21,15.0,85.0,4.25
Chikkaballapura,B0034 chintamani,2022-23,2022,2995,57.14,28.6,15.0,90.0,3.11
Chikkaballapura,B0034 chintamani,2023-24,2023,2924,46.59,27.65,10.0,85.0,4.33
Chikkaballapura,B0034 chintamani,2024-25,2024,2712,54.31,28.89,15.0,94.5,4.63
Chikkaballapura,B0047 gudibanda,2022-23,2022,796,49.52,27.26,10.0,85.0,0.74
Chikkaballapura,B0047 gudibanda,2023-24,2023,876,44.78,25.87,10.0,80.0,3.28
Chikkaballapura,B0047 gudibanda,2024-25,2024,878,45.34,27.75,10.0,85.0,0.87
Chikkaballapura,B0124 sidlaghatta,2022-23,2022,2526,54.7,27.06,15.0,90.0,3.49
Chikkaballapura,B0124 sidlaghatta,2023-24,2023,2580,42.54,26.5,5.0,80.0,1.96
Chikkaballapura,B0124 sidlaghatta,2024-25,2024,2490,50.04,27.12,15.0,85.0,1.49
Chikkaballapura,B0167 gowribidanur,2024-25,2024,3451,45.08,27.6,10.0,85.0,2.62
Chikkamagaluru,B0145 biruru,2023-24,2023,2079,59.79,25.82,20.0,90.0,3.88
Chikkamagaluru,B0145 biruru,2024-25,2024,1909,66.88,24.75,30.0,95.0,2.31
Chikkamagaluru,B0147 chikmagalur,2023-24,2023,3038,54.25,27.48,15.0,90.0,4.59
Chikkamagaluru,B0147 chikmagalur,2024-25,2024,3080,58.19,27.71,20.0,95.0,3.98
Chikkamagaluru,B0152 kadur,2023-24,2023,2956,58.36,28.3,15.0,95.0,3.66
Chikkamagaluru,B0152 kadur,2024-25,2024,2821,58.25,27.61,20.0,95.0,1.6
Chikkamagaluru,B0154 koppa,2023-24,2023,1199,63.68,24.97,29.0,95.0,2.31
Chikkamagaluru,B0154 koppa,2024-25,2024,1238,77.13,20.85,50.0,100.0,1.41
Chikkamagaluru,B0160 moodigere,2023-24,2023,1862,52.77,24.51,20.0,85.0,2.04
Chikkamagaluru,B0160 moodigere,2024-25,2024,1707,57.04,25.28,20.0,90.0,2.49
Chikkamagaluru,B0163 narasimharajapura,2023-24,2023,978,62.63,24.76,30.0,95.0,4.15
Chikkamagaluru,B0163 narasimharajapura,2024-25,2024,955,62.12,25.14,25.0,95.0,3.03
Chikkamagaluru,B0165 sringeri,2023-24,2023,395,62.38,26.19,25.0,95.0,6.66
Chikkamagaluru,B0165 sringeri,2024-25,2024,440,61.39,25.67,25.0,95.0,5.97
Chikkamagaluru,B0166 tarikere,2023-24,2023,2287,59.55,25.8,20.0,90.0,3.61
Chikkamagaluru,B0166 tarikere,2024-25,2024,1950,65.21,25.27,30.0,95.0,1.37
Chitradurga,B0026 challakere,2022-23,2022,7526,43.4,29.7,5.0,85.0,4.06
Chitradurga,B0026 challakere,2023-24,2023,6971,33.52,26.6,0.0,75.0,3.39
Chitradurga,B0026 challakere,2024-25,2024,6970,35.15,27.96,0.0,80.0,3.29
Chitradurga,B0035 chitradurga,2022-23,2022,6121,44.21,29.15,5.0,85.0,5.15
Chitradurga,B0035 chitradurga,2023-24,2023,6045,42.25,26.74,5.0,80.0,2.73
Chitradurga,B0035 chitradurga,2024-25,2024,6164,40.32,27.54,5.0,80.0,5.02
Chitradurga,B0059 hiriyur,2022-23,2022,4871,49.66,28.48,10.0,85.0,2.07
Chitradurga,B0059 hiriyur,2023-24,2023,4321,44.78,28.09,5.0,85.0,2.36
Chitradurga,B0059 hiriyur,2024-25,2024,4947,48.27,29.51,5.0,90.0,3.44
Chitradurga,B0060 holalkere,2022-23,2022,3321,53.75,29.43,10.0,90.0,4.85
Chitradurga,B0060 holalkere,2023-24,2023,3160,45.99,27.66,10.0,85.0,4.72
Chitradurga,B0060 holalkere,2024-25,2024,3170,46.42,28.03,10.0,85.0,4.05
Chitradurga,B0063 hosadurga,2022-23,2022,4465,52.3,29.19,10.0,90.0,4.6
Chitradurga,B0063 hosadurga,2023-24,2023,4256,48.52,27.76,10.0,85.0,4.87
Chitradurga,B0063 hosadurga,2024-25,2024,4266,50.84,29.55,10.0,90.0,3.48
Chitradurga,B0097 molakalmur,2022-23,2022,3317,31.47,28.55,0.0,75.0,1.08
Chitradurga,B0097 molakalmur,2023-24,2023,3549,27.78,24.89,0.0,65.0,1.38
Chitradurga,B0097 molakalmur,2024-25,2024,3898,30.56,26.93,0.0,70.0,0.31
Dakshina Kannada,B0095 mangaluru south,2022-23,2022,1623,72.92,22.31,40.0,95.0,4.8
Davanagere,B0028 channagiri,2022-23,2022,1850,51.59,28.46,10.0,85.5,3.15
Davanagere,B0028 channagiri,2023-24,2023,2846,45.47,27.7,5.0,85.0,6.17
Davanagere,B0028 channagiri,2024-25,2024,4238,58.36,28.28,15.0,95.0,5.86
Davanagere,B0037 davanagere(n),2022-23,2022,766,45.38,29.01,5.0,85.0,5.6
Davanagere,B0037 davanagere(n),2023-24,2023,1447,49.63,24.73,15.0,85.0,5.01
Davanagere,B0037 davanagere(n),2024-25,2024,2240,47.96,27.36,10.0,85.0,5.3
Davanagere,B0038 davanagere(s),2022-23,2022,318,59.43,26.41,25.0,90.0,8.23
Davanagere,B0038 davanagere(s),2023-24,2023,777,55.81,25.54,20.0,90.0,3.47
Davanagere,B0038 davanagere(s),2024-25,2024,2327,55.62,29.21,15.0,95.0,3.43
Davanagere,B0056 harihara,2022-23,2022,1437,58.86,27.98,15.0,95.0,3.94
Davanagere,B0056 harihara,2023-24,2023,1819,58.74,25.32,20.0,90.0,2.66
Davanagere,B0056 harihara,2024-25,2024,3161,50.22,29.18,10.0,90.0,5.27
Davanagere,B0062 honnali,2022-23,2022,1622,53.42,28.45,10.0,90.0,4.34
Davanagere,B0062 honnali,2023-24,2023,2253,50.52,27.46,10.0,89.0,5.65
Davanagere,B0062 honnali,2024-25,2024,3947,45.58,28.09,10.0,85.0,4.23
Davanagere,B0071 jagalur,2022-23,2022,1318,43.86,30.12,5.0,85.0,2.85
Davanagere,B0071 jagalur,2023-24,2023,2104,38.33,26.63,5.0,75.0,3.88
Davanagere,B0071 jagalur,2024-25,2024,3866,36.89,27.23,5.0,75.0,2.71
Dharwad,B0041 dharwad,2022-23,2022,7230,73.17,23.15,40.0,100.0,2.63
Dharwad,B0041 dharwad,2023-24,2023,6221,67.22,23.79,30.0,95.0,1.51
Dharwad,B0041 dharwad,2024-25,2024,8492,66.47,25.63,30.0,95.0,2.59
Dharwad,B0066 hubli,2022-23,2022,3008,71.5,22.99,40.0,95.0,2.68
Dharwad,B0066 hubli,2023-24,2023,3815,64.13,24.99,25.0,95.0,2.59
Dharwad,B0066 hubli,2024-25,2024,4250,61.77,27.34,20.0,95.0,0.5
Dharwad,B0076 kalghatagi,2022-23,2022,4263,58.41,27.28,15.0,90.0,4.91
Dharwad,B0076 kalghatagi,2023-24,2023,4374,53.11,25.51,15.0,85.0,4.01
Dharwad,B0076 kalghatagi,2024-25,2024,4583,57.96,25.86,20.0,90.0,4.8
Dharwad,B0086 kundagol,2022-23,2022,1974,74.38,21.88,45.0,95.0,3.47
Dharwad,B0086 kundagol,2023-24,2023,4034,62.67,25.12,25.0,95.0,4.08
Dharwad,B0086 kundagol,2024-25,2024,4265,62.21,26.33,25.0,95.0,3.48
Dharwad,B0106 navalgund,2022-23,2022,3473,60.28,26.12,20.0,90.0,3.1
Dharwad,B0106 navalgund,2023-24,2023,3374,50.68,27.46,10.0,85.0,3.2
Dharwad,B0106 navalgund,2024-25,2024,3456,51.45,28.14,10.0,90.0,4.56
Gadag,B0043 gadag rural,2022-23,2022,2598,57.12,26.78,15.0,90.0,4.66
Gadag,B0043 gadag rural,2023-24,2023,4436,43.58,25.91,10.0,80.0,3.37
Gadag,B0043 gadag rural,2024-25,2024,5089,47.18,27.7,10.0,85.0,4.89
Gadag,B0102 mundaragi,2022-23,2022,2150,52.8,26.29,15.0,85.0,6.64
Gadag,B0102 mundaragi,2023-24,2023,3157,43.61,27.2,10.0,80.0,0.67
Gadag,B0102 mundaragi,2024-25,2024,3147,49.06,26.64,10.0,85.0,1.63
Gadag,B0105 naragund,2022-23,2022,1241,57.79,27.0,15.0,90.0,1.38
Gadag,B0105 naragund,2023-24,2023,1716,52.89,26.37,15.0,90.0,1.25
Gadag,B0105 naragund,2024-25,2024,1885,52.68,28.0,12.0,90.0,0.56
Gadag,B0115 ron,2022-23,2022,3003,58.88,25.67,20.0,90.0,1.11
Gadag,B0115 ron,2023-24,2023,5273,53.59,28.47,15.0,90.0,2.6
Gadag,B0115 ron,2024-25,2024,6233,56.67,28.64,15.0,90.0,1.41
Gadag,B0122 shirhatti,2022-23,2022,2847,54.98,26.06,15.0,85.0,3.19
Gadag,B0122 shirhatti,2023-24,2023,4150,55.68,27.31,15.0,90.0,2.52
Gadag,B0122 shirhatti,2024-25,2024,4486,56.99,26.68,20.0,90.0,2.98
Hassan,B0003 alur,2022-23,2022,518,70.49,25.07,30.0,95.0,3.4
Hassan,B0003 alur,2023-24,2023,1235,60.85,24.38,25.0,90.0,3.79
Hassan,B0003 alur,2024-25,2024,1126,66.54,26.37,25.0,100.0,5.46
Hassan,B0004 arakalagudu,2022-23,2022,766,61.07,24.67,25.0,90.0,3.91
Hassan,B0004 arakalagudu,2023-24,2023,3279,52.72,26.52,15.0,85.0,4.74
Hassan,B0004 arakalagudu,2024-25,2024,3236,52.71,25.89,15.0,85.0,4.73
Hassan,B0005 arasikere,2022-23,2022,833,65.52,24.96,30.0,95.0,2.19
Hassan,B0005 arasikere,2023-24,2023,3536,56.74,26.66,20.0,90.0,3.8
Hassan,B0005 arasikere,2024-25,2024,3472,61.06,26.78,20.0,95.0,2.32
Hassan,B0018 belur,2022-23,2022,419,72.89,19.81,45.0,95.0,2.67
Hassan,B0018 belur,2023-24,2023,1511,54.07,25.7,20.0,90.0,1.64
Hassan,B0018 belur,2024-25,2024,2913,60.04,24.71,25.0,90.0,4.19
Hassan,B0029 channarayapatna,2022-23,2022,767,66.26,24.4,30.0,95.0,3.91
Hassan,B0029 channarayapatna,2023-24,2023,2869,59.8,27.72,20.0,95.0,4.44
Hassan,B0029 channarayapatna,2024-25,2024,2782,77.6,22.8,45.0,100.0,3.25
Hassan,B0057 hassan,2022-23,2022,953,69.06,24.66,30.0,95.0,1.04
Hassan,B0057 hassan,2023-24,2023,2838,57.22,25.76,20.0,90.0,3.02
Hassan,B0057 hassan,2024-25,2024,2658,65.95,25.25,30.0,95.0,1.75
Hassan,B0061 holenarasipura,2022-23,2022,837,59.87,27.37,20.0,95.0,7.06
Hassan,B0061 holenarasipura,2023-24,2023,2659,51.63,26.14,15.0,85.0,3.97
Hassan,B0061 holenarasipura,2024-25,2024,2432,50.95,26.57,15.0,85.0,2.72
Hassan,B0116 sakaleshapura,2022-23,2022,348,71.01,22.16,40.0,95.0,2.66
Hassan,B0116 sakaleshapura,2023-24,2023,1621,56.34,26.03,20.0,90.0,2.75
Hassan,B0116 sakaleshapura,2024-25,2024,1609,59.09,25.91,20.0,90.0,6.02
Haveri,B0023 byadagi,2022-23,2022,767,66.36,24.36,30.0,95.0,13.48
Haveri,B0023 byadagi,2023-24,2023,1738,57.68,25.1,20.0,90.0,5.96
Haveri,B0023 byadagi,2024-25,2024,2580,59.85,26.25,20.0,95.0,7.88
Haveri,B0053 hanagal,2022-23,2022,727,73.19,21.1,45.0,95.0,1.74
Haveri,B0053 hanagal,2023-24,2023,4250,48.53,26.02,14.5,85.0,5.49
Haveri,B0053 hanagal,2024-25,2024,5373,55.09,26.87,15.0,90.0,5.66
Haveri,B0058 hirekerur,2022-23,2022,715,76.04,23.18,40.0,100.0,6.39
Haveri,B0058 hirekerur,2023-24,2023,3161,57.3,25.78,20.0,90.0,1.35
Haveri,B0058 hirekerur,2024-25,2024,4610,56.93,27.48,20.0,95.0,3.32
Haveri,B0114 ranebennur,2022-23,2022,853,74.51,21.22,45.0,95.0,4.59
Haveri,B0114 ranebennur,2023-24,2023,3537,57.22,26.76,20.0,90.0,4.14
Haveri,B0114 ranebennur,2024-25,2024,5091,62.81,25.36,25.0,95.0,2.86
Haveri,B0118 savanur,2022-23,2022,736,70.67,19.9,45.0,95.0,0.98
Haveri,B0118 savanur,2023-24,2023,2286,50.78,26.42,15.0,85.0,1.05
Haveri,B0118 savanur,2024-25,2024,3787,59.77,27.05,20.0,95.0,1.81
Haveri,B0121 shiggoan,2022-23,2022,606,71.3,23.0,37.5,95.0,3.03
Haveri,B0121 shiggoan,2023-24,2023,2046,63.92,21.93,35.0,90.0,1.77
Haveri,B0121 shiggoan,2024-25,2024,2764,64.06,24.17,30.0,90.0,4.5
Haveri,B0149 haveri,2022-23,2022,741,70.86,23.98,35.0,95.0,2.6
Haveri,B0149 haveri,2023-24,2023,2756,50.92,26.55,15.0,85.0,3.94
Haveri,B0149 haveri,2024-25,2024,4867,56.21,26.75,20.0,90.0,5.68
Kalaburagi,B0001 afzalpur,2022-23,2022,3607,52.96,30.54,8.0,90.0,-2.32
Kalaburagi,B0001 afzalpur,2023-24,2023,3118,43.04,29.35,5.0,85.0,0.9
Kalaburagi,B0001 afzalpur,2024-25,2024,3469,43.84,28.99,5.0,85.0,0.16
Kalaburagi,B0002 aland,2022-23,2022,5797,48.18,29.24,5.0,85.0,0.26
Kalaburagi,B0002 aland,2023-24,2023,4788,38.14,25.91,5.0,75.0,-0.67
Kalaburagi,B0002 aland,2024-25,2024,5092,41.27,27.66,5.0,80.0,-0.21
Kalaburagi,B0033 chincholi,2022-23,2022,4470,44.97,28.74,5.0,85.0,0.77
Kalaburagi,B0033 chincholi,2023-24,2023,3658,37.44,26.16,5.0,75.0,-0.05
Kalaburagi,B0033 chincholi,2024-25,2024,3875,40.99,27.99,5.0,80.0,1.44
Kalaburagi,B0036 chittapur,2022-23,2022,5228,39.54,28.48,0.0,80.0,2.72
Kalaburagi,B0036 chittapur,2023-24,2023,4167,30.81,23.97,5.0,65.0,1.97
Kalaburagi,B0036 chittapur,2024-25,2024,4366,34.09,24.97,5.0,70.0,2.18
Kalaburagi,B0048 gulbarga north,2022-23,2022,2059,51.36,28.67,10.0,90.0,2.15
Kalaburagi,B0048 gulbarga north,2023-24,2023,1681,40.01,25.12,10.0,75.0,1.02
Kalaburagi,B0048 gulbarga north,2024-25,2024,1539,44.1,25.04,10.0,80.0,-0.49
Kalaburagi,B0049 gulbarga south,2022-23,2022,2792,44.53,28.45,5.0,85.0,0.92
Kalaburagi,B0049 gulbarga south,2023-24,2023,2385,37.25,25.84,5.0,75.0,3.2
Kalaburagi,B0049 gulbarga south,2024-25,2024,2200,38.89,25.66,5.0,75.0,1.77
Kalaburagi,B0073 jewargi,2022-23,2022,5959,47.76,29.03,5.0,85.0,-1.42
Kalaburagi,B0073 jewargi,2023-24,2023,5062,43.84,27.81,5.0,85.0,-1.45
Kalaburagi,B0073 jewargi,2024-25,2024,5819,47.46,29.09,10.0,90.0,0.29
Kalaburagi,B0119 sedam,2022-23,2022,3742,43.71,28.27,5.0,85.0,1.6
Kalaburagi,B0119 sedam,2023-24,2023,3369,34.33,25.7,5.0,75.0,2.95
Kalaburagi,B0119 sedam,2024-25,2024,3405,34.93,26.73,5.0,75.0,2.93
Kodagu,B0092 madikeri,2022-23,2022,1769,59.62,25.9,20.0,90.0,5.33
Kodagu,B0092 madikeri,2023-24,2023,1566,50.33,25.48,15.0,85.0,5.22
Kodagu,B0092 madikeri,2024-25,2024,1441,54.47,26.27,20.0,90.0,2.75
Kodagu,B0129 somavarpet,2022-23,2022,1404,62.6,25.8,25.0,95.0,3.97
Kodagu,B0129 somavarpet,2023-24,2023,919,56.39,26.05,20.0,90.0,3.8
Kodagu,B0129 somavarpet,2024-25,2024,1464,58.06,24.62,25.0,90.0,3.46
Kodagu,B0140 virajpet,2022-23,2022,1858,50.24,27.85,10.0,85.0,1.28
Kodagu,B0140 virajpet,2023-24,2023,1748,47.4,27.3,10.0,85.0,2.3
Kodagu,B0140 virajpet,2024-25,2024,1378,53.02,27.83,15.0,90.0,3.04
Kolar,B0014 bangarapete,2022-23,2022,991,55.73,27.4,15.0,90.0,4.74
Kolar,B0014 bangarapete,2023-24,2023,1082,49.81,24.59,15.0,80.0,1.79
Kolar,B0074 k g f,2022-23,2022,358,66.03,27.13,20.0,95.0,15.3
Kolar,B0079 kolar,2022-23,2022,1251,60.04,25.58,20.0,90.0,1.89
Kolar,B0079 kolar,2023-24,2023,3705,50.68,26.27,15.0,85.0,3.04
Kolar,B0079 kolar,2024-25,2024,3456,55.91,28.46,15.0,90.0,3.33
Kolar,B0094 malur,2022-23,2022,1163,54.35,26.94,15.0,90.0,2.99
Kolar,B0094 malur,2023-24,2023,2870,49.14,26.16,15.0,85.0,1.28
Kolar,B0094 malur,2024-25,2024,2749,51.96,26.81,15.0,90.0,1.8
Kolar,B0100 mulbagal,2022-23,2022,499,57.77,29.29,10.0,90.0,0.72
Kolar,B0100 mulbagal,2023-24,2023,3248,45.22,26.31,10.0,80.0,1.06
Kolar,B0100 mulbagal,2024-25,2024,3064,53.01,29.02,10.0,90.0,1.61
Kolar,B0131 srinivasapur,2022-23,2022,2463,58.57,27.94,15.0,90.0,3.49
Kolar,B0131 srinivasapur,2023-24,2023,2388,48.96,28.55,10.0,90.0,1.66
Kolar,B0131 srinivasapur,2024-25,2024,2090,55.31,29.43,10.0,95.0,0.5
Kolar,B0151 k g f,2023-24,2023,1615,44.05,25.51,10.0,80.0,3.82
Kolar,B0151 k g f,2024-25,2024,1387,48.45,26.67,10.0,85.0,1.12
Koppal,B0044 gangavathi,2022-23,2022,4939,55.24,26.93,15.0,90.0,0.41
Koppal,B0044 gangavathi,2023-24,2023,5665,40.42,26.27,5.0,80.0,1.81
Koppal,B0044 gangavathi,2024-25,2024,5879,40.84,26.65,5.0,80.0,2.37
Koppal,B0081 koppal,2022-23,2022,4645,57.85,26.05,20.0,90.0,1.99
Koppal,B0081 koppal,2023-24,2023,4705,50.49,26.11,15.0,85.0,1.55
Koppal,B0081 koppal,2024-25,2024,6089,43.3,27.36,5.0,80.0,1.05
Koppal,B0085 kuknoor,2022-23,2022,2083,50.89,27.04,10.0,85.0,2.49
Koppal,B0085 kuknoor,2023-24,2023,1935,44.96,25.91,10.0,80.0,0.97
Koppal,B0085 kuknoor,2024-25,2024,2107,42.46,27.86,5.0,80.0,1.31
Koppal,B0088 kustagi,2022-23,2022,4759,54.18,26.98,15.0,90.0,-1.7
Koppal,B0088 kustagi,2023-24,2023,4753,48.76,25.21,15.0,85.0,-3.23
Koppal,B0088 kustagi,2024-25,2024,5421,42.43,27.04,5.0,80.0,-0.55
Koppal,B0143 yelburga,2022-23,2022,3742,52.35,28.31,10.0,90.0,2.51
Koppal,B0143 yelburga,2023-24,2023,3025,46.94,26.66,10.0,85.0,1.67
Koppal,B0143 yelburga,2024-25,2024,3560,41.8,28.59,5.0,85.0,1.29
Mandya,B0083 krishnaraja pet,2022-23,2022,5,79.0,11.4,68.0,88.0,-1.67
Mandya,B0090 maddur,2022-23,2022,551,62.47,25.66,25.0,95.0,3.34
Mandya,B0090 maddur,2023-24,2023,2902,51.02,26.93,15.0,85.0,5.43
Mandya,B0090 maddur,2024-25,2024,2448,56.89,26.7,20.0,90.0,4.2
Mandya,B0093 malavally,2022-23,2022,698,67.33,24.47,30.0,95.0,8.75
Mandya,B0093 malavally,2023-24,2023,3771,50.74,26.65,15.0,85.0,5.09
Mandya,B0093 malavally,2024-25,2024,3251,55.42,26.54,20.0,90.0,3.78
Mandya,B0103 nagamangala,2022-23,2022,1979,73.29,18.71,45.0,95.0,2.19
Mandya,B0103 nagamangala,2023-24,2023,2180,54.84,26.24,15.0,90.0,3.05
Mandya,B0103 nagamangala,2024-25,2024,1923,60.3,27.06,20.0,95.0,2.65
Mandya,B0109 pandavapura,2022-23,2022,732,78.74,16.05,60.0,95.0,2.78
Mandya,B0109 pandavapura,2023-24,2023,2151,63.42,25.42,25.0,95.0,4.15
Mandya,B0109 pandavapura,2024-25,2024,1991,57.32,26.26,20.0,90.0,3.74
Mandya,B0132 srirangapatna,2022-23,2022,1011,74.65,19.52,50.0,95.0,3.63
Mandya,B0132 srirangapatna,2023-24,2023,1826,51.2,28.05,10.0,90.0,5.33
Mandya,B0132 srirangapatna,2024-25,2024,1198,51.76,28.46,10.0,90.0,7.07
Mandya,B0148 h.d.kote,2024-25,2024,108,52.73,27.64,15.0,90.0,1.76
Mandya,B0155 krishnaraja pet,2023-24,2023,3483,47.98,26.21,10.0,85.0,4.02
Mandya,B0155 krishnaraja pet,2024-25,2024,3178,53.19,27.24,15.0,90.0,5.83
Mandya,B0158 mandya north,2023-24,2023,2223,55.43,25.07,20.0,85.0,2.63
Mandya,B0158 mandya north,2024-25,2024,2054,58.5,26.52,20.0,90.0,4.38
Mandya,B0159 mandya south,2023-24,2023,1550,50.42,26.47,15.0,85.0,5.45
Mandya,B0159 mandya south,2024-25,2024,1162,62.91,28.57,20.0,95.0,2.58
Mysuru,B0104 nanjanagud,2022-23,2022,1188,50.64,28.93,10.0,90.0,7.11
Mysuru,B0104 nanjanagud,2023-24,2023,1548,54.29,25.49,15.0,85.0,5.08
Mysuru,B0104 nanjanagud,2024-25,2024,6160,52.79,28.99,10.0,90.0,5.8
Mysuru,B0133 t.n.pura,2022-23,2022,1692,56.23,27.23,15.0,90.0,5.1
Mysuru,B0133 t.n.pura,2023-24,2023,1428,62.42,25.44,25.0,95.0,5.84
Mysuru,B0133 t.n.pura,2024-25,2024,3834,59.55,27.55,15.0,95.0,4.3
Mysuru,B0148 h.d.kote,2023-24,2023,1411,50.79,26.85,15.0,85.0,0.27
Mysuru,B0148 h.d.kote,2024-25,2024,4456,52.66,28.08,15.0,90.0,5.85
Mysuru,B0150 hunsur,2023-24,2023,1467,49.4,26.41,13.0,85.0,1.92
Mysuru,B0150 hunsur,2024-25,2024,4149,52.86,26.9,15.0,90.0,4.12
Mysuru,B0156 krishnarajanagara,2023-24,2023,1060,45.77,25.72,10.0,85.0,2.36
Mysuru,B0156 krishnarajanagara,2024-25,2024,2725,57.08,28.27,15.0,95.0,1.46
Mysuru,B0162 mysore rural,2023-24,2023,1563,59.35,23.93,25.0,90.0,3.21
Mysuru,B0162 mysore rural,2024-25,2024,3660,53.58,27.83,15.0,90.0,5.1
Mysuru,B0164 periya patna,2023-24,2023,1496,61.27,24.0,30.0,90.0,3.06
Mysuru,B0164 periya patna,2024-25,2024,3759,65.74,25.92,30.0,95.0,4.65
Raichur,B0039 devadurga,2022-23,2022,5794,47.5,27.87,10.0,85.0,1.04
Raichur,B0039 devadurga,2023-24,2023,3945,40.44,25.54,7.0,75.0,0.32
Raichur,B0039 devadurga,2024-25,2024,4432,38.81,25.81,5.0,75.0,-0.6
Raichur,B0089 lingasugur,2022-23,2022,5551,47.25,27.85,10.0,85.0,-2.31
Raichur,B0089 lingasugur,2023-24,2023,4380,44.32,25.22,10.0,80.0,-2.36
Raichur,B0089 lingasugur,2024-25,2024,5072,43.86,27.27,10.0,80.0,-2.95
Raichur,B0096 manvi,2022-23,2022,4775,52.48,27.95,10.0,85.0,-0.87
Raichur,B0096 manvi,2023-24,2023,3566,45.34,26.99,10.0,80.0,1.17
Raichur,B0096 manvi,2024-25,2024,4245,48.2,28.85,10.0,90.0,-0.61
Raichur,B0111 raichur,2022-23,2022,5420,50.08,28.45,10.0,85.0,3.33
Raichur,B0111 raichur,2023-24,2023,3900,50.67,27.72,10.0,90.0,3.97
Raichur,B0111 raichur,2024-25,2024,4444,48.05,30.08,5.0,90.0,2.7
Raichur,B0126 sindhanur,2022-23,2022,5221,50.31,27.96,10.0,85.0,0.43
Raichur,B0126 sindhanur,2023-24,2023,4441,44.65,26.46,10.0,80.0,0.01
Raichur,B0126 sindhanur,2024-25,2024,4938,44.46,27.27,10.0,85.0,0.25
Ramanagara,B0077 kanakapura,2022-23,2022,951,63.79,25.81,25.0,95.0,5.9
Ramanagara,B0077 kanakapura,2023-24,2023,4242,56.41,26.84,15.0,90.0,3.22
Ramanagara,B0077 kanakapura,2024-25,2024,3375,56.13,27.79,15.0,90.0,5.64
Ramanagara,B0112 ramanagara,2022-23,2022,525,75.18,20.27,50.0,100.0,1.04
Ramanagara,B0112 ramanagara,2023-24,2023,2169,76.54,22.18,45.0,100.0,3.45
Ramanagara,B0112 ramanagara,2024-25,2024,1766,76.24,24.76,40.0,100.0,2.0
Ramanagara,B0146 channapatna,2023-24,2023,3658,52.27,27.56,15.0,90.0,6.6
Ramanagara,B0146 channapatna,2024-25,2024,2392,52.19,28.19,10.0,90.0,5.25
Ramanagara,B0157 magadi,2023-24,2023,3081,57.19,26.0,20.0,90.0,4.05
Ramanagara,B0157 magadi,2024-25,2024,2787,55.67,27.81,15.0,90.0,2.66
Tumakuru,B0031 chiknayakanhalli,2022-23,2022,2447,67.89,24.75,30.0,95.0,2.92
Tumakuru,B0031 chiknayakanhalli,2023-24,2023,3213,61.97,24.48,25.0,90.0,2.71
Tumakuru,B0031 chiknayakanhalli,2024-25,2024,3124,60.45,25.7,25.0,90.0,4.03
Tumakuru,B0046 gubbi,2022-23,2022,4054,77.68,21.08,45.0,100.0,2.84
Tumakuru,B0046 gubbi,2023-24,2023,3869,66.66,27.47,20.0,95.0,0.77
Tumakuru,B0046 gubbi,2024-25,2024,3798,72.81,26.13,30.0,100.0,1.7
Tumakuru,B0082 koratagere,2022-23,2022,821,67.54,24.1,35.0,95.0,4.81
Tumakuru,B0082 koratagere,2023-24,2023,2605,56.96,27.07,15.0,90.0,4.38
Tumakuru,B0082 koratagere,2024-25,2024,2349,58.59,25.6,20.0,90.0,4.42
Tumakuru,B0087 kunigal,2022-23,2022,2005,68.36,24.73,30.0,95.0,1.65
Tumakuru,B0087 kunigal,2023-24,2023,2537,55.57,25.79,20.0,90.0,4.43
Tumakuru,B0087 kunigal,2024-25,2024,2534,62.12,25.9,25.0,95.0,6.23
Tumakuru,B0091 madhugiri,2022-23,2022,436,58.42,29.5,12.5,95.0,7.18
Tumakuru,B0091 madhugiri,2023-24,2023,4666,50.1,26.96,15.0,85.0,2.53
Tumakuru,B0091 madhugiri,2024-25,2024,4010,52.81,27.42,15.0,90.0,3.31
Tumakuru,B0127 sira,2022-23,2022,2850,61.09,25.92,20.0,90.0,2.93
Tumakuru,B0127 sira,2023-24,2023,5181,51.92,26.89,15.0,90.0,3.0
Tumakuru,B0127 sira,2024-25,2024,5252,53.18,27.02,15.0,90.0,2.98
Tumakuru,B0135 tiptur,2022-23,2022,1879,74.45,21.66,45.0,95.0,4.36
Tumakuru,B0135 tiptur,2023-24,2023,2535,61.46,25.04,25.0,90.0,2.79
Tumakuru,B0135 tiptur,2024-25,2024,2402,64.36,24.49,30.0,95.0,3.12
Tumakuru,B0136 tumkur,2022-23,2022,2058,72.62,23.21,35.0,95.0,4.21
Tumakuru,B0136 tumkur,2023-24,2023,4812,61.69,24.44,25.0,90.0,2.48
Tumakuru,B0136 tumkur,2024-25,2024,4391,62.42,25.61,25.0,95.0,2.99
Tumakuru,B0137 turuvekere,2022-23,2022,2133,79.06,20.51,50.0,100.0,1.98
Tumakuru,B0137 turuvekere,2023-24,2023,2244,71.07,24.5,35.0,100.0,2.89
Tumakuru,B0137 turuvekere,2024-25,2024,2049,66.59,25.37,30.0,95.0,5.59
Tumakuru,B0168 pavagada,2024-25,2024,3857,72.34,22.92,40.0,100.0,2.18
Udupi,B0022 brahmavara,2022-23,2022,1850,73.54,23.26,40.0,100.0,4.59
Udupi,B0024 byndoor,2022-23,2022,560,85.1,15.72,64.5,100.0,-2.04
Udupi,B0138 udupi,2022-23,2022,405,62.65,25.6,22.0,95.0,2.88
Uttara Kannada,B0101 mundagod,2022-23,2022,466,60.28,26.75,20.0,90.0,7.55
Uttara Kannada,B0144 yellapur,2022-23,2022,335,83.43,18.87,55.0,100.0,4.87
Vijayanagara,B0051 hadagali,2022-23,2022,2290,61.9,25.98,20.0,95.0,0.61
Vijayanagara,B0051 hadagali,2023-24,2023,2951,44.14,26.66,10.0,80.0,-1.23
Vijayanagara,B0051 hadagali,2024-25,2024,3486,39.93,26.82,5.0,80.0,-0.85
Vijayanagara,B0052 hagaribommanahalli,2022-23,2022,3694,47.9,28.39,5.0,85.0,3.08
Vijayanagara,B0052 hagaribommanahalli,2023-24,2023,3475,41.32,25.93,7.0,78.0,1.13
Vijayanagara,B0052 hagaribommanahalli,2024-25,2024,3931,40.81,27.24,5.0,80.0,2.37
Vijayanagara,B0055 harapanahalli,2022-23,2022,5234,50.41,27.88,10.0,85.0,1.71
Vijayanagara,B0055 harapanahalli,2023-24,2023,5225,39.25,25.66,5.0,75.0,0.0
Vijayanagara,B0055 harapanahalli,2024-25,2024,6614,35.74,26.97,0.0,75.0,1.27
Vijayanagara,B0065 hosapete,2022-23,2022,2878,55.5,26.21,15.0,85.0,1.8
Vijayanagara,B0065 hosapete,2023-24,2023,2771,43.17,25.69,10.0,80.0,2.28
Vijayanagara,B0065 hosapete,2024-25,2024,4154,35.53,25.91,5.0,70.0,0.7
Vijayanagara,B0084 kudligi,2022-23,2022,4782,50.74,29.37,10.0,90.0,1.71
Vijayanagara,B0084 kudligi,2023-24,2023,4727,38.99,26.97,5.0,80.0,0.78
Vijayanagara,B0084 kudligi,2024-25,2024,5197,39.42,28.99,0.0,80.0,5.17
Vijayapura,B0016 basavan bagewadi,2022-23,2022,422,76.33,18.0,50.0,100.0,0.8
Vijayapura,B0016 basavan bagewadi,2023-24,2023,3319,56.3,29.17,10.0,90.0,-0.74
Vijayapura,B0016 basavan bagewadi,2024-25,2024,7499,65.51,27.26,20.0,95.0,2.08
Vijayapura,B0025 chadachan,2022-23,2022,399,73.02,29.04,23.0,100.0,17.84
Vijayapura,B0025 chadachan,2023-24,2023,1659,57.06,27.62,15.0,90.0,-0.79
Vijayapura,B0025 chadachan,2024-25,2024,4243,70.26,24.88,30.0,95.0,1.48
Vijayapura,B0070 indi,2022-23,2022,428,74.75,22.41,40.0,95.0,3.11
Vijayapura,B0070 indi,2023-24,2023,4233,49.02,28.76,10.0,85.0,2.64
Vijayapura,B0070 indi,2024-25,2024,6739,54.48,29.42,10.0,90.0,1.74
Vijayapura,B0125 sindagi,2022-23,2022,418,65.63,25.52,25.0,95.0,5.5
Vijayapura,B0125 sindagi,2023-24,2023,3503,47.56,27.84,5.0,85.0,0.12
Vijayapura,B0125 sindagi,2024-25,2024,8922,50.08,29.0,10.0,90.0,0.75
Vijayapura,B0134 talikoti,2022-23,2022,298,76.02,18.32,50.0,95.0,2.2
Vijayapura,B0139 vijayapura rural,2022-23,2022,453,80.23,18.33,55.0,100.0,1.71
Vijayapura,B0139 vijayapura rural,2023-24,2023,5599,51.33,28.11,10.0,90.0,2.23
Vijayapura,B0139 vijayapura rural,2024-25,2024,10572,66.39,25.98,25.0,95.0,0.91
Vijayapura,B0161 muddebihal,2022-23,2022,150,79.73,14.78,60.0,100.0,1.02
Vijayapura,B0161 muddebihal,2023-24,2023,3951,48.17,28.12,10.0,85.0,0.91
Vijayapura,B0161 muddebihal,2024-25,2024,6776,51.98,30.22,10.0,90.0,0.26
Yadgir,B0120 shahapur,2022-23,2022,4472,52.44,27.97,10.0,90.0,-1.04
Yadgir,B0120 shahapur,2023-24,2023,4388,45.05,27.15,10.0,85.0,-0.25
Yadgir,B0120 shahapur,2024-25,2024,5234,43.4,27.79,5.0,85.0,0.05
Yadgir,B0123 shorapur,2022-23,2022,5883,59.33,27.51,15.0,90.0,-0.48
Yadgir,B0123 shorapur,2023-24,2023,5733,50.37,28.73,10.0,90.0,-1.01
Yadgir,B0123 shorapur,2024-25,2024,7942,44.91,28.67,5.0,85.0,-1.18
Yadgir,B0141 yadgir,2022-23,2022,3900,49.74,28.74,10.0,85.0,-1.33
Yadgir,B0141 yadgir,2023-24,2023,3598,43.41,27.52,10.0,85.0,0.2
Yadgir,B0141 yadgir,2024-25,2024,3703,43.06,27.26,5.0,80.0,0.44
