name,district_name,total_population_person,literacy_rate_7plus,sex_ratio,sc_pct,st_pct,work_participation_rate,agri_labour_share_of_workers,marginal_worker_share,male_female_literacy_gap_pp,block_universe_note
Bagalkot,Bagalkot,1889752,68.82,989,18.26,6.21,45.97,62.69,18.55,18.18,"sc/st/worker/lit-gap columns computed over CD-block universe (rural + census towns, ~64% of state pop); pop/literacy/sex_ratio are full-district verified values"
Bangalore,Bangalore,9621551,87.67,916,20.57,3.07,47.32,18.15,11.03,16.01,"sc/st/worker/lit-gap columns computed over CD-block universe (rural + census towns, ~64% of state pop); pop/literacy/sex_ratio are full-district verified values"
Bangalore Rural,Bangalore Rural,990923,77.93,946,24.61,6.08,48.34,47.11,16.35,13.64,"sc/st/worker/lit-gap columns computed over CD-block universe (rural + census towns, ~64% of state pop); pop/literacy/sex_ratio are full-district verified values"
Belgaum,Belgaum,4779661,73.48,973,12.42,6.98,46.61,61.14,19.19,15.36,"sc/st/worker/lit-gap columns computed over CD-block universe (rural + census towns, ~64% of state pop); pop/literacy/sex_ratio are full-district verified values"
Bellary,Bellary,2452595,67.43,983,23.56,21.61,50.35,66.13,14.56,18.26,"sc/st/worker/lit-gap columns computed over CD-block universe (rural + census towns, ~64% of state pop); pop/literacy/sex_ratio are full-district verified values"
Bidar,Bidar,1703300,70.51,956,25.92,16.68,44.26,55.78,22.68,16.42,"sc/st/worker/lit-gap columns computed over CD-block universe (rural + census towns, ~64% of state pop); pop/literacy/sex_ratio are full-district verified values"
Bijapur,Bijapur,2177331,67.15,960,21.73,1.89,45.4,64.63,18.12,20.43,"sc/st/worker/lit-gap columns computed over CD-block universe (rural + census towns, ~64% of state pop); pop/literacy/sex_ratio are full-district verified values"
Chamarajanagar,Chamarajanagar,1020791,61.43,993,26.21,11.4,48.99,60.33,21.93,12.11,"sc/st/worker/lit-gap columns computed over CD-block universe (rural + census towns, ~64% of state pop); pop/literacy/sex_ratio are full-district verified values"
Chikkaballapura,Chikkaballapura,1255104,69.76,972,27.73,14.13,53.98,64.22,16.68,15.08,"sc/st/worker/lit-gap columns computed over CD-block universe (rural + census towns, ~64% of state pop); pop/literacy/sex_ratio are full-district verified values"
Chikmagalur,Chikmagalur,1137961,79.25,1008,24.31,4.47,52.63,46.53,15.73,8.33,"sc/st/worker/lit-gap columns computed over CD-block universe (rural + census towns, ~64% of state pop); pop/literacy/sex_ratio are full-district verified values"
Chitradurga,Chitradurga,1659456,73.71,974,25.09,19.88,54.9,60.04,23.47,13.57,"sc/st/worker/lit-gap columns computed over CD-block universe (rural + census towns, ~64% of state pop); pop/literacy/sex_ratio are full-district verified values"
Dakshina Kannada,Dakshina Kannada,2089649,88.57,1020,8.17,5.07,50.85,7.57,9.18,4.89,"sc/st/worker/lit-gap columns computed over CD-block universe (rural + census towns, ~64% of state pop); pop/literacy/sex_ratio are full-district verified values"
Davanagere,Davanagere,1945497,75.74,972,23.91,14.46,48.55,64.73,19.87,12.44,"sc/st/worker/lit-gap columns computed over CD-block universe (rural + census towns, ~64% of state pop); pop/literacy/sex_ratio are full-district verified values"
Dharwad,Dharwad,1847023,80.0,971,8.95,6.28,51.06,69.21,13.39,15.22,"sc/st/worker/lit-gap columns computed over CD-block universe (rural + census towns, ~64% of state pop); pop/literacy/sex_ratio are full-district verified values"
Gadag,Gadag,1064570,75.12,982,18.61,7.39,50.59,69.86,14.96,16.69,"sc/st/worker/lit-gap columns computed over CD-block universe (rural + census towns, ~64% of state pop); pop/literacy/sex_ratio are full-district verified values"
Gulbarga,Gulbarga,2566326,64.85,971,28.31,2.88,46.51,58.09,23.52,20.12,"sc/st/worker/lit-gap columns computed over CD-block universe (rural + census towns, ~64% of state pop); pop/literacy/sex_ratio are full-district verified values"
Hassan,Hassan,1776421,76.07,1010,20.84,1.99,53.94,62.83,17.58,10.72,"sc/st/worker/lit-gap columns computed over CD-block universe (rural + census towns, ~64% of state pop); pop/literacy/sex_ratio are full-district verified values"
Haveri,Haveri,1597668,77.4,950,15.08,10.18,48.11,66.14,18.32,12.83,"sc/st/worker/lit-gap columns computed over CD-block universe (rural + census towns, ~64% of state pop); pop/literacy/sex_ratio are full-district verified values"
Kodagu,Kodagu,554519,82.61,1019,13.6,11.73,51.79,12.63,7.12,4.59,"sc/st/worker/lit-gap columns computed over CD-block universe (rural + census towns, ~64% of state pop); pop/literacy/sex_ratio are full-district verified values"
Kolar,Kolar,1536401,74.39,979,31.06,6.68,51.17,53.78,20.66,14.17,"sc/st/worker/lit-gap columns computed over CD-block universe (rural + census towns, ~64% of state pop); pop/literacy/sex_ratio are full-district verified values"
Koppal,Koppal,1389920,68.09,986,19.27,13.12,48.92,56.58,23.5,17.31,"sc/st/worker/lit-gap columns computed over CD-block universe (rural + census towns, ~64% of state pop); pop/literacy/sex_ratio are full-district verified values"
Mandya,Mandya,1805769,70.4,995,14.79,1.19,49.96,64.35,18.67,12.61,"sc/st/worker/lit-gap columns computed over CD-block universe (rural + census towns, ~64% of state pop); pop/literacy/sex_ratio are full-district verified values"
Mysore,Mysore,3001127,72.79,985,21.01,14.2,47.2,57.32,20.45,12.25,"sc/st/worker/lit-gap columns computed over CD-block universe (rural + census towns, ~64% of state pop); pop/literacy/sex_ratio are full-district verified values"
Raichur,Raichur,1928812,59.56,1000,21.81,22.87,50.14,65.39,20.76,21.02,"sc/st/worker/lit-gap columns computed over CD-block universe (rural + census towns, ~64% of state pop); pop/literacy/sex_ratio are full-district verified values"
Ramanagara,Ramanagara,1082636,69.22,976,20.01,2.38,51.93,61.31,14.19,14.54,"sc/st/worker/lit-gap columns computed over CD-block universe (rural + census towns, ~64% of state pop); pop/literacy/sex_ratio are full-district verified values"
Shimoga,Shimoga,1752753,80.45,998,19.96,4.43,49.1,63.3,18.83,8.87,"sc/st/worker/lit-gap columns computed over CD-block universe (rural + census towns, ~64% of state pop); pop/literacy/sex_ratio are full-district verified values"
Tumkur,Tumkur,2678980,75.14,984,20.57,8.61,53.75,59.16,21.69,13.03,"sc/st/worker/lit-gap columns computed over CD-block universe (rural + census towns, ~64% of state pop); pop/literacy/sex_ratio are full-district verified values"
Udupi,Udupi,1177361,86.24,1094,6.59,4.62,44.18,22.92,10.91,0.45,"sc/st/worker/lit-gap columns computed over CD-block universe (rural + census towns, ~64% of state pop); pop/literacy/sex_ratio are full-district verified values"
Uttara Kannada,Uttara Kannada,1437169,84.06,979,7.59,2.67,44.78,35.31,19.81,8.87,"sc/st/worker/lit-gap columns computed over CD-block universe (rural + census towns, ~64% of state pop); pop/literacy/sex_ratio are full-district verified values"
Yadgir,Yadgir,1174271,51.83,989,25.14,13.39,48.9,64.26,20.83,23.25,"sc/st/worker/lit-gap columns computed over CD-block universe (rural + census towns, ~64% of state pop); pop/literacy/sex_ratio are full-district verified values"
