state,division,revenue_district,district,academic_year,n_schools_4_6,n_schools_govt,pct_govt_schools,pct_private_schools,pct_rural_schools,enrolment_all,enrolment_govt,teachers_govt,ptr_govt,pct_female_teachers_govt,pct_teachers_graduate_plus_govt,pct_sch_electricity_govt,pct_sch_library_govt,pct_sch_playground_govt,pct_sch_tapwater_functional_govt,pct_sch_internet_govt,pct_sch_computer_lab_govt,pct_sch_ramps_govt,pct_sch_reading_corner_govt,pct_sch_handwash_meal_govt,pct_sch_kannada_medium_govt,pct_sch_preprimary_govt,girls_func_toilets_per_school_govt,good_classrooms_per_school_govt,acad_inspections_per_school_govt,crc_coordinators_per_school_govt,smc_meetings_per_school_govt,mean_instruction_days_govt,avg_govt_school_size
KARNATAKA,Belagavi,Bagalkote,BAGALKOT,2022-23,1942,1463,75.33,24.67,70.91,328303.0,227059.0,6930.0,32.76,42.86,60.62,98.63,97.33,70.2,91.73,31.03,0.0,96.24,91.32,82.16,87.22,5.72,1.41,5.17,1.11,7.81,6.38,229.78,155.2
KARNATAKA,Kalaburagi,Ballari,BALLARI,2022-23,1140,725,63.6,36.4,60.7,259492.0,138722.0,3244.0,42.76,50.0,69.85,96.83,96.83,46.34,91.45,20.28,0.0,85.38,83.72,79.31,83.86,5.06,1.7,5.44,2.26,9.58,6.06,226.87,191.3
KARNATAKA,Belagavi,Belagavi,BELAGAVI,2022-23,1888,1500,79.45,20.55,75.85,327386.0,217001.0,6798.0,31.92,50.46,52.6,99.53,99.67,58.73,90.07,18.6,0.0,87.0,92.07,76.93,63.2,4.5,1.58,4.97,1.23,8.27,7.06,224.81,144.7
KARNATAKA,Belagavi,Belagavi,BELAGAVI CHIKKODI,2022-23,2548,1999,78.45,21.55,76.1,423332.0,290776.0,8252.0,35.24,42.9,60.2,98.0,99.85,91.65,78.99,40.57,0.0,97.4,87.24,88.49,78.94,6.46,1.57,4.79,1.42,7.71,6.91,227.05,145.5
KARNATAKA,Bengaluru,Bengaluru Rural,BENGALURU RURAL,2022-23,1358,1096,80.71,19.29,83.87,149021.0,55638.0,2773.0,20.06,55.93,49.04,100.0,97.26,49.27,94.62,6.39,0.0,78.38,94.62,77.01,93.16,7.42,1.6,3.21,0.85,7.21,7.42,226.91,50.8
KARNATAKA,Bengaluru,Bengaluru Urban,BENGALURU U NORTH,2022-23,1997,636,31.85,68.1,26.94,726671.0,129092.0,3374.0,38.26,78.22,53.73,99.53,97.96,55.19,90.09,23.58,0.0,70.6,86.48,92.3,79.87,13.69,2.82,6.8,2.0,5.6,6.53,226.16,203.0
KARNATAKA,Bengaluru,Bengaluru Urban,BENGALURU U SOUTH,2022-23,3038,1038,34.17,65.77,24.06,1182154.0,162363.0,4344.0,37.38,80.11,52.28,99.81,94.22,46.24,88.73,27.75,0.0,65.7,88.63,89.88,84.01,11.35,2.61,5.7,1.39,6.48,6.61,226.49,156.4
KARNATAKA,Kalaburagi,Bidar,BIDAR,2022-23,2180,1521,69.77,30.14,73.17,292559.0,153754.0,6274.0,24.51,44.85,47.99,97.83,82.84,49.31,62.26,8.88,0.0,74.1,44.9,57.86,66.86,5.58,1.3,5.23,1.66,7.65,3.5,223.33,101.1
KARNATAKA,Mysuru,Chamarajanagara,CHAMARAJANAGARA,2022-23,987,838,84.9,15.1,85.21,98816.0,65712.0,2783.0,23.61,48.58,54.62,97.97,99.05,52.27,95.82,13.48,0.0,85.2,95.35,96.78,90.93,3.97,1.7,3.15,1.58,7.97,6.77,231.16,78.4
KARNATAKA,Bengaluru,Chikkaballapura,CHIKKABALLAPURA,2022-23,1782,1522,85.41,14.48,88.38,159754.0,75991.0,3799.0,20.0,45.7,54.94,99.28,94.74,38.7,72.08,12.02,0.0,54.73,86.93,82.26,92.12,3.84,1.36,2.63,0.37,7.12,5.87,226.95,49.9
KARNATAKA,Mysuru,Chikkamagaluru,CHIKKAMANGALURU,2022-23,1596,1391,87.16,12.84,87.28,121204.0,68495.0,4114.0,16.65,48.61,52.19,99.64,100.0,75.34,94.18,20.42,0.0,84.11,91.8,89.86,91.09,5.48,1.28,3.33,1.24,7.77,7.61,227.09,49.2
KARNATAKA,Bengaluru,Chitradurga,CHITRADURGA,2022-23,2011,1758,87.42,12.58,85.23,210375.0,132531.0,5836.0,22.71,48.08,51.18,99.26,99.77,57.34,94.99,46.42,0.0,97.04,88.68,79.18,92.32,7.34,1.27,3.02,1.0,9.72,7.2,229.93,75.4
KARNATAKA,Mysuru,Dakshina Kannada,DAKSHINA KANNADA,2022-23,1489,1131,75.96,24.04,74.88,295088.0,119265.0,4479.0,26.63,79.62,59.79,100.0,100.0,91.95,87.62,83.29,0.0,99.29,99.82,99.03,97.79,7.36,2.34,4.69,0.9,6.01,7.2,231.24,105.5
KARNATAKA,Bengaluru,Davanagere,DAVANAGERE,2022-23,1703,1258,73.87,26.07,72.05,228801.0,118797.0,5243.0,22.66,45.78,50.7,99.28,98.65,68.28,95.07,11.84,0.0,88.71,54.05,77.03,86.88,10.24,1.37,4.18,1.46,9.16,7.19,229.55,94.4
KARNATAKA,Belagavi,Dharwad,DHARWAD,2022-23,1271,901,70.89,29.11,51.69,303656.0,173434.0,5214.0,33.26,60.97,64.1,99.89,94.67,67.59,94.23,13.76,0.0,87.46,87.46,78.69,79.69,7.41,1.83,6.19,1.17,8.48,6.95,226.19,192.5
KARNATAKA,Belagavi,Gadag,GADAG,2022-23,906,702,77.48,22.52,65.01,157268.0,113460.0,3698.0,30.68,45.32,59.82,99.86,100.0,76.64,94.02,86.18,0.0,100.0,96.72,89.46,84.47,6.5,1.46,6.12,1.52,10.14,6.31,229.58,161.6
KARNATAKA,Mysuru,Hassan,HASSAN,2022-23,2639,2343,88.78,11.22,89.39,179766.0,91045.0,5699.0,15.98,51.54,45.87,99.15,100.0,54.46,96.93,15.58,0.0,90.82,97.31,92.74,93.94,5.2,1.3,2.42,0.89,10.81,7.64,231.47,38.9
KARNATAKA,Belagavi,Haveri,HAVERI,2022-23,1568,1283,81.82,18.18,80.23,235216.0,168521.0,5767.0,29.22,44.48,62.58,99.06,98.44,71.86,95.56,12.16,0.0,91.43,94.23,92.67,76.77,6.02,1.3,4.43,1.49,8.34,6.13,222.87,131.3
KARNATAKA,Kalaburagi,Kalaburagi,KALBURGI,2022-23,3136,2094,66.77,33.23,67.7,473229.0,281176.0,8669.0,32.43,49.07,52.6,93.46,89.4,52.2,75.07,11.65,0.0,78.89,65.62,51.81,80.95,7.25,1.31,5.21,1.48,5.72,3.3,221.16,134.3
KARNATAKA,Mysuru,Kodagu,KODAGU,2022-23,532,412,77.44,22.56,92.86,68807.0,27559.0,1381.0,19.96,73.21,59.45,99.51,100.0,88.83,86.17,18.93,0.0,98.54,97.82,98.06,95.87,3.02,2.22,4.43,1.27,6.46,7.2,223.49,66.9
KARNATAKA,Bengaluru,Kolar,KOLAR,2022-23,2243,1884,83.99,16.01,85.6,195490.0,89365.0,4821.0,18.54,56.11,49.26,99.04,97.72,30.04,88.16,9.66,0.0,59.24,89.38,75.0,89.07,2.88,1.37,2.46,3.15,8.55,7.07,228.49,47.4
KARNATAKA,Kalaburagi,Koppal,KOPPAL,2022-23,1413,1051,74.38,25.62,75.73,258767.0,192419.0,4958.0,38.81,41.85,66.58,95.72,94.39,57.94,87.44,32.92,0.0,83.25,89.91,83.73,90.01,4.22,1.55,5.42,0.67,5.77,7.84,228.67,183.1
KARNATAKA,Mysuru,Mandya,MANDYA,2022-23,2001,1680,83.96,16.04,88.26,172342.0,91292.0,4355.0,20.96,49.64,50.01,99.46,100.0,67.74,97.74,40.36,0.0,99.94,86.55,87.38,94.17,5.28,1.47,3.13,1.37,6.69,7.35,220.48,54.3
KARNATAKA,Mysuru,Mysuru,MYSURU,2022-23,2664,2076,77.93,22.0,77.52,381695.0,166725.0,7105.0,23.47,55.92,54.76,100.0,99.95,84.83,96.19,78.52,0.0,94.22,96.29,96.05,90.75,5.66,1.69,3.55,1.37,9.14,7.99,227.77,80.3
KARNATAKA,Kalaburagi,Raichur,RAICHUR,2022-23,2173,1579,72.66,27.34,72.3,364994.0,250878.0,6538.0,38.37,44.43,69.56,97.4,92.15,42.62,91.83,12.86,0.0,66.56,82.08,63.2,89.55,5.24,1.61,4.76,0.72,7.62,5.71,224.06,158.9
KARNATAKA,Bengaluru,Ramanagara,RAMANAGARA,2022-23,1479,1268,85.73,14.27,83.98,118935.0,62098.0,2980.0,20.84,55.94,53.86,99.84,100.0,38.09,96.69,11.2,0.0,94.64,91.09,87.78,91.01,3.5,1.42,2.43,1.4,7.7,7.7,224.21,49.0
KARNATAKA,Bengaluru,Shivamogga,SHIVAMOGGA,2022-23,2314,1985,85.78,14.22,79.13,217893.0,127004.0,6210.0,20.45,54.44,61.1,99.8,100.0,83.12,90.18,56.42,0.0,91.84,93.25,85.89,89.07,6.35,1.4,3.63,1.81,7.35,7.62,228.05,64.0
KARNATAKA,Bengaluru,Tumakuru,TUMAKURU,2022-23,2421,2152,88.89,11.11,87.44,185371.0,98805.0,5451.0,18.13,59.07,41.86,99.63,98.14,34.53,97.26,12.22,0.0,91.91,94.01,85.08,91.12,2.52,1.28,2.42,0.7,8.1,8.74,225.57,45.9
KARNATAKA,Bengaluru,Tumakuru,TUMAKURU MADHUGIRI,2022-23,1442,1306,90.57,9.43,91.96,108705.0,68998.0,3310.0,20.85,45.8,55.98,98.32,100.0,50.38,97.24,8.42,0.0,75.8,97.17,89.89,93.64,2.92,1.32,2.5,1.33,9.77,7.69,227.02,52.8
KARNATAKA,Mysuru,Udupi,UDUPI,2022-23,908,746,82.16,17.84,87.11,145841.0,62286.0,2351.0,26.49,68.91,58.44,100.0,100.0,95.44,77.21,49.87,0.0,97.72,97.99,99.87,97.72,4.96,1.79,4.45,0.61,7.74,7.73,228.5,83.5
KARNATAKA,Belagavi,Uttara Kannada,UTTARA KANNADA,2022-23,1076,978,90.89,9.11,85.41,86700.0,51584.0,3022.0,17.07,67.31,59.99,100.0,100.0,59.3,61.45,10.12,0.0,92.84,97.75,98.67,90.9,1.26,1.38,3.01,0.72,7.08,8.38,231.96,52.7
KARNATAKA,Belagavi,Uttara Kannada,UTTARA KANNADA SIRSI,2022-23,1208,1147,94.95,5.05,88.41,87602.0,69780.0,3097.0,22.53,62.0,64.26,99.48,100.0,97.65,70.71,6.63,0.0,97.56,89.71,93.72,90.24,6.46,1.31,2.69,0.88,5.5,7.15,233.21,60.8
KARNATAKA,Kalaburagi,Vijayanagara,VIJAYANAGARA,2022-23,1361,1037,76.19,23.81,74.8,212575.0,149101.0,4439.0,33.59,41.41,60.22,97.97,95.08,45.23,94.99,7.62,0.0,84.76,74.06,73.48,92.09,3.71,1.47,4.97,1.41,8.5,6.48,229.13,143.8
KARNATAKA,Belagavi,Vijayapura,VIJAYAPURA,2022-23,2903,2029,69.89,30.11,73.23,435471.0,284489.0,8935.0,31.84,40.37,49.68,96.16,94.97,76.34,76.0,13.5,0.0,82.75,78.27,66.63,82.26,4.3,1.18,4.55,1.13,7.06,4.99,227.02,140.2
KARNATAKA,Kalaburagi,Yadgir,YADAGIRI,2022-23,1356,1006,74.19,25.81,74.93,222169.0,159454.0,3564.0,44.74,38.44,58.56,91.25,74.16,44.63,65.11,7.06,0.0,80.72,75.45,64.81,86.58,3.93,1.33,4.51,0.75,6.08,4.8,221.26,158.5
KARNATAKA,Belagavi,Bagalkote,BAGALKOT,2023-24,1936,1461,75.46,24.54,71.18,317522.0,213346.0,6910.0,30.87,43.26,63.27,98.56,97.6,69.27,90.97,34.91,11.91,95.62,92.33,84.33,87.27,5.73,1.46,5.15,0.86,6.9,4.54,234.01,146.0
KARNATAKA,Kalaburagi,Ballari,BALLARI,2023-24,1118,713,63.77,36.23,60.55,254052.0,132940.0,2917.0,45.57,50.6,70.41,93.41,97.34,45.58,91.16,22.02,13.88,84.85,83.59,79.94,84.99,5.14,1.69,5.39,1.48,6.32,4.1,227.83,186.5
KARNATAKA,Belagavi,Belagavi,BELAGAVI,2023-24,1868,1489,79.71,20.29,75.86,318605.0,207802.0,6969.0,29.82,51.2,56.11,98.93,100.0,59.17,90.06,29.48,10.81,86.5,92.48,81.93,63.53,5.16,1.48,4.92,1.46,8.0,5.24,234.76,139.6
KARNATAKA,Belagavi,Belagavi,BELAGAVI CHIKKODI,2023-24,2539,1997,78.65,21.35,76.33,413268.0,277605.0,8203.0,33.84,43.53,63.12,98.05,99.9,93.59,78.12,84.33,8.31,96.95,89.13,91.79,78.97,6.68,1.57,4.84,1.55,7.96,5.42,232.51,139.0
KARNATAKA,Bengaluru,Bengaluru Rural,BENGALURU RURAL,2023-24,1357,1091,80.4,19.6,83.86,147728.0,51783.0,2755.0,18.8,56.12,51.54,99.73,99.91,69.2,94.96,54.17,9.26,80.29,96.33,83.59,92.94,7.36,1.62,3.19,1.01,8.92,6.05,228.43,47.5
KARNATAKA,Bengaluru,Bengaluru Urban,BENGALURU U NORTH,2023-24,1988,626,31.49,68.46,25.15,700988.0,126204.0,3459.0,36.49,77.68,58.02,99.68,98.4,54.63,88.18,50.96,24.92,77.16,91.37,96.01,79.87,14.54,2.9,6.88,2.37,6.64,6.62,237.79,201.6
KARNATAKA,Bengaluru,Bengaluru Urban,BENGALURU U SOUTH,2023-24,3029,1029,33.97,65.96,24.1,1144319.0,153612.0,4342.0,35.38,80.24,54.33,99.13,95.14,47.04,88.53,32.46,22.25,64.04,89.5,93.1,84.06,11.55,2.7,5.77,1.43,7.07,5.59,236.1,149.3
KARNATAKA,Kalaburagi,Bidar,BIDAR,2023-24,2151,1494,69.46,30.45,73.08,275186.0,142387.0,5781.0,24.63,45.29,49.58,89.22,82.8,50.07,61.04,10.58,4.35,75.5,46.99,61.91,67.2,5.68,1.3,5.19,1.79,6.53,2.0,232.3,95.3
KARNATAKA,Mysuru,Chamarajanagara,CHAMARAJANAGARA,2023-24,983,837,85.15,14.85,85.25,94812.0,61138.0,2675.0,22.86,48.97,54.92,97.01,99.04,56.63,96.06,30.59,16.25,89.61,96.3,97.37,91.04,4.22,1.71,3.26,1.33,9.68,6.89,239.09,73.0
KARNATAKA,Bengaluru,Chikkaballapura,CHIKKABALLAPURA,2023-24,1760,1513,85.97,13.98,88.58,151754.0,69284.0,3611.0,19.19,46.05,56.33,99.41,99.87,53.73,90.95,25.84,6.74,61.67,92.53,87.05,92.47,4.0,1.33,2.66,1.51,8.49,5.59,228.4,45.8
KARNATAKA,Mysuru,Chikkamagaluru,CHIKKAMANGALURU,2023-24,1575,1369,86.92,13.08,87.3,118162.0,63894.0,4029.0,15.86,49.32,53.91,98.76,100.0,77.5,93.72,28.2,8.55,84.15,92.33,92.62,91.09,5.42,1.25,3.38,1.94,8.18,6.55,236.18,46.7
KARNATAKA,Bengaluru,Chitradurga,CHITRADURGA,2023-24,2014,1761,87.44,12.56,85.3,204502.0,124262.0,5924.0,20.98,48.26,53.7,98.64,99.72,57.86,95.4,58.26,8.46,96.93,90.29,84.33,92.33,7.8,1.26,2.96,0.99,9.11,5.46,234.55,70.6
KARNATAKA,Mysuru,Dakshina Kannada,DAKSHINA KANNADA,2023-24,1482,1123,75.78,24.22,75.03,297075.0,115559.0,4308.0,26.82,79.99,61.61,100.0,100.0,94.21,86.46,98.84,20.3,99.38,99.91,99.91,97.86,8.42,2.5,4.77,0.95,6.35,7.72,243.01,102.9
KARNATAKA,Bengaluru,Davanagere,DAVANAGERE,2023-24,1690,1258,74.44,25.56,72.54,222978.0,110760.0,5123.0,21.62,46.4,52.64,99.05,99.92,78.78,95.07,17.33,12.0,93.24,54.45,81.32,86.72,10.56,1.34,4.18,1.34,8.95,5.39,235.31,88.0
KARNATAKA,Belagavi,Dharwad,DHARWAD,2023-24,1273,900,70.7,29.3,51.53,296220.0,164250.0,5291.0,31.04,61.56,67.19,98.67,96.78,68.22,95.56,21.78,12.33,87.0,89.33,82.22,79.78,7.66,1.89,6.19,1.23,8.05,5.52,234.83,182.5
KARNATAKA,Belagavi,Gadag,GADAG,2023-24,902,701,77.72,22.28,65.52,152423.0,107347.0,3644.0,29.46,46.19,61.72,99.86,100.0,77.46,93.58,88.16,15.41,99.14,96.86,91.58,84.59,6.51,1.48,6.11,1.4,9.52,4.96,233.52,153.1
KARNATAKA,Mysuru,Hassan,HASSAN,2023-24,2620,2323,88.66,11.34,88.82,173874.0,81850.0,5717.0,14.32,52.13,49.03,98.75,100.0,54.84,96.69,17.18,5.51,89.75,98.02,94.32,93.97,5.29,1.28,2.38,1.12,11.28,6.6,239.47,35.2
KARNATAKA,Belagavi,Haveri,HAVERI,2023-24,1561,1282,82.13,17.87,80.33,227476.0,159340.0,5883.0,27.08,45.49,65.82,99.06,98.44,71.14,95.09,18.64,11.0,90.64,93.68,94.7,76.76,6.27,1.32,4.49,2.53,7.73,5.29,232.89,124.3
KARNATAKA,Kalaburagi,Kalaburagi,KALBURGI,2023-24,3139,2094,66.71,33.29,67.79,454373.0,266460.0,8070.0,33.02,49.39,53.88,94.41,94.6,54.58,75.07,15.47,7.88,78.99,67.38,57.74,80.95,7.25,1.36,5.09,1.42,6.51,2.68,227.32,127.2
KARNATAKA,Mysuru,Kodagu,KODAGU,2023-24,528,409,77.46,22.54,92.05,67027.0,25689.0,1323.0,19.42,74.45,62.28,99.02,99.76,89.0,83.62,22.25,16.38,97.56,97.8,99.27,95.84,3.54,2.29,4.38,1.68,6.62,7.21,235.39,62.8
KARNATAKA,Bengaluru,Kolar,KOLAR,2023-24,2246,1882,83.79,16.21,85.53,184903.0,80774.0,4699.0,17.19,56.22,51.37,99.1,99.73,31.19,89.0,23.33,6.48,61.58,92.83,80.87,89.05,2.88,1.35,2.48,3.09,8.2,5.71,234.82,42.9
KARNATAKA,Kalaburagi,Koppal,KOPPAL,2023-24,1413,1052,74.45,25.55,75.58,247436.0,184579.0,4450.0,41.48,41.57,68.36,95.15,94.39,58.37,88.31,32.51,9.41,84.22,88.69,85.65,89.92,4.42,1.56,5.36,1.06,5.75,3.76,226.01,175.5
KARNATAKA,Mysuru,Mandya,MANDYA,2023-24,1969,1652,83.9,16.1,88.22,165321.0,81574.0,4285.0,19.04,51.13,53.44,99.09,99.94,71.43,98.06,41.34,8.05,99.15,87.89,89.59,94.13,5.43,1.49,3.15,1.04,6.38,5.65,235.39,49.4
KARNATAKA,Mysuru,Mysuru,MYSURU,2023-24,2655,2063,77.7,22.22,77.55,373828.0,153432.0,7345.0,20.89,56.43,58.19,99.9,100.0,92.0,97.24,89.34,13.96,96.9,98.06,98.06,90.79,5.75,1.71,3.58,2.09,11.78,7.76,239.96,74.4
KARNATAKA,Kalaburagi,Raichur,RAICHUR,2023-24,2168,1578,72.79,27.21,72.28,347556.0,238825.0,5382.0,44.37,44.74,70.44,96.51,93.03,42.84,91.38,19.33,8.05,70.98,83.4,67.55,89.61,5.24,1.63,4.75,0.92,7.56,3.74,231.4,151.3
KARNATAKA,Bengaluru,Ramanagara,RAMANAGARA,2023-24,1481,1270,85.75,14.25,84.13,114773.0,56726.0,2854.0,19.88,56.52,53.96,99.45,100.0,39.45,96.85,26.69,10.0,92.28,92.05,90.94,90.94,3.57,1.45,2.5,0.72,9.64,6.41,234.41,44.7
KARNATAKA,Bengaluru,Shivamogga,SHIVAMOGGA,2023-24,2300,1972,85.74,14.26,79.13,208187.0,116237.0,6139.0,18.93,54.49,63.54,100.0,100.0,81.14,89.15,55.43,8.01,90.26,93.81,89.76,89.05,6.39,1.35,3.63,2.24,8.22,5.94,237.68,58.9
KARNATAKA,Bengaluru,Tumakuru,TUMAKURU,2023-24,2416,2143,88.7,11.3,87.38,180123.0,90792.0,5282.0,17.19,58.88,44.53,99.44,99.77,44.56,96.87,26.64,8.59,87.63,95.33,89.55,91.13,2.58,1.3,2.44,1.06,8.81,6.58,236.97,42.4
KARNATAKA,Bengaluru,Tumakuru,TUMAKURU MADHUGIRI,2023-24,1423,1287,90.44,9.56,91.85,104293.0,64097.0,3336.0,19.21,46.28,57.85,98.21,100.0,53.61,97.28,27.89,7.77,81.43,97.98,94.33,93.94,2.96,1.34,2.59,3.81,10.9,6.7,241.45,49.8
KARNATAKA,Mysuru,Udupi,UDUPI,2023-24,909,744,81.85,18.15,86.91,145319.0,60507.0,2374.0,25.49,69.04,62.64,99.87,100.0,94.62,77.69,48.79,14.78,97.04,98.12,99.87,97.72,5.8,1.81,4.44,1.21,6.44,6.82,240.29,81.3
KARNATAKA,Belagavi,Uttara Kannada,UTTARA KANNADA,2023-24,1075,975,90.7,9.3,85.3,85799.0,50370.0,3008.0,16.75,67.69,62.57,99.79,100.0,58.05,58.97,13.33,7.28,91.9,97.95,99.18,90.87,1.26,1.42,3.04,0.42,6.93,7.15,240.62,51.7
KARNATAKA,Belagavi,Uttara Kannada,UTTARA KANNADA SIRSI,2023-24,1201,1140,94.92,5.08,88.34,85704.0,67249.0,3010.0,22.34,62.96,66.51,98.77,99.47,96.05,70.53,9.3,5.0,97.11,89.56,94.56,90.18,6.5,1.33,2.66,0.91,5.58,5.36,237.08,59.0
KARNATAKA,Kalaburagi,Vijayanagara,VIJAYANAGARA,2023-24,1355,1037,76.53,23.47,74.83,205033.0,140840.0,4501.0,31.29,41.32,63.14,96.53,95.37,44.94,95.08,13.89,10.03,83.22,74.16,77.15,92.09,3.71,1.48,4.87,1.2,7.16,4.56,230.68,135.8
KARNATAKA,Belagavi,Vijayapura,VIJAYAPURA,2023-24,2923,2025,69.28,30.72,73.01,426391.0,269561.0,8985.0,30.0,40.37,52.43,93.14,97.68,80.79,77.68,19.41,9.28,82.62,80.59,71.65,82.07,4.41,1.15,4.5,1.09,7.92,4.1,228.93,133.1
KARNATAKA,Kalaburagi,Yadgir,YADAGIRI,2023-24,1368,1006,73.54,26.46,74.93,211127.0,153106.0,2809.0,54.51,39.91,59.7,90.56,74.75,45.03,64.91,11.03,7.06,81.91,74.85,65.81,86.58,3.93,1.3,4.46,0.97,5.72,3.0,227.27,152.2
KARNATAKA,Belagavi,Bagalkote,BAGALKOT,2024-25,1933,1458,75.43,24.57,71.03,309850.0,201572.0,7056.0,28.57,44.66,66.07,98.29,97.6,68.66,90.81,37.72,12.28,95.13,92.25,85.6,86.9,6.48,1.5,5.16,0.67,5.38,3.98,230.18,138.3
KARNATAKA,Kalaburagi,Ballari,BALLARI,2024-25,1124,718,63.88,36.12,61.03,253899.0,131098.0,3199.0,40.98,51.92,75.49,94.71,96.8,45.82,93.04,23.4,13.65,83.98,83.84,80.36,84.68,23.61,1.72,5.37,0.97,3.49,2.62,229.79,182.6
KARNATAKA,Belagavi,Belagavi,BELAGAVI,2024-25,1850,1487,80.38,19.62,76.05,315774.0,199700.0,7133.0,28.0,51.1,59.92,99.26,100.0,59.78,90.52,30.46,11.37,87.29,92.8,83.59,63.55,5.39,1.56,4.94,1.46,8.51,5.24,231.24,134.3
KARNATAKA,Belagavi,Belagavi,BELAGAVI CHIKKODI,2024-25,2539,1997,78.65,21.35,76.29,404003.0,265187.0,8615.0,30.78,44.47,66.81,98.8,99.85,93.44,78.92,87.43,8.91,96.9,89.93,92.54,78.62,8.29,1.62,4.84,1.4,7.6,5.3,233.82,132.8
KARNATAKA,Bengaluru,Bengaluru Rural,BENGALURU RURAL,2024-25,1340,1072,80.0,20.0,83.81,148328.0,48739.0,2722.0,17.91,56.54,53.31,99.91,100.0,68.19,95.9,53.73,9.14,81.62,96.46,84.7,93.0,8.25,1.65,3.24,0.8,9.55,4.98,232.63,45.5
KARNATAKA,Bengaluru,Bengaluru Urban,BENGALURU U NORTH,2024-25,1980,625,31.57,68.38,25.2,708192.0,119148.0,3488.0,34.16,78.04,61.01,99.2,98.4,55.2,90.56,50.56,24.32,76.48,91.68,96.8,80.0,14.56,2.9,6.95,2.06,5.71,5.44,228.9,190.6
KARNATAKA,Bengaluru,Bengaluru Urban,BENGALURU U SOUTH,2024-25,3028,1021,33.72,66.25,24.57,1183744.0,146830.0,4370.0,33.6,80.64,57.05,99.12,95.1,45.94,88.93,32.52,22.14,65.03,90.21,93.54,84.04,11.57,2.78,5.82,0.92,4.63,4.29,228.86,143.8
KARNATAKA,Kalaburagi,Bidar,BIDAR,2024-25,2138,1491,69.74,30.26,73.39,261177.0,130923.0,5820.0,22.5,46.8,52.89,89.54,83.84,50.23,63.04,11.47,4.69,76.32,48.29,63.72,66.8,9.53,1.32,5.15,1.39,5.35,2.0,231.96,87.8
KARNATAKA,Mysuru,Chamarajanagara,CHAMARAJANAGARA,2024-25,955,815,85.34,14.66,85.13,92289.0,57771.0,2712.0,21.3,49.93,59.22,97.67,99.63,56.32,96.69,32.27,16.69,90.55,97.3,97.79,91.41,4.97,1.72,3.46,1.47,8.78,6.1,236.14,70.9
KARNATAKA,Bengaluru,Chikkaballapura,CHIKKABALLAPURA,2024-25,1703,1470,86.32,13.62,88.49,147208.0,64241.0,3653.0,17.59,47.17,59.59,99.59,99.39,53.33,93.54,26.67,7.01,63.4,92.99,88.16,92.72,4.19,1.37,2.73,0.79,5.97,4.13,228.43,43.7
KARNATAKA,Mysuru,Chikkamagaluru,CHIKKAMANGALURU,2024-25,1545,1342,86.86,13.14,87.25,117810.0,61520.0,3997.0,15.39,50.24,56.94,98.58,100.0,77.12,94.86,32.49,9.02,83.98,92.85,93.14,90.98,7.0,1.26,3.38,1.67,7.66,6.87,228.74,45.8
KARNATAKA,Bengaluru,Chitradurga,CHITRADURGA,2024-25,2003,1749,87.32,12.68,85.42,200311.0,117651.0,5854.0,20.1,49.42,56.39,98.0,99.71,57.86,96.51,62.15,8.75,96.68,91.82,84.73,92.4,8.22,1.27,2.96,0.87,7.43,4.9,231.64,67.3
KARNATAKA,Mysuru,Dakshina Kannada,DAKSHINA KANNADA,2024-25,1477,1116,75.56,24.44,73.39,303047.0,113587.0,4616.0,24.61,80.31,67.33,100.0,100.0,94.62,86.83,91.4,17.29,99.19,99.55,100.0,97.76,10.14,2.58,4.8,1.1,5.15,7.29,235.88,101.8
KARNATAKA,Bengaluru,Davanagere,DAVANAGERE,2024-25,1675,1246,74.39,25.61,72.36,219106.0,102827.0,4961.0,20.73,47.17,54.97,98.48,100.0,79.45,95.83,17.5,11.48,94.86,55.86,82.34,86.68,10.83,1.33,4.17,1.87,9.5,5.25,231.67,82.5
KARNATAKA,Belagavi,Dharwad,DHARWAD,2024-25,1272,903,70.99,29.01,51.89,289979.0,154796.0,5330.0,29.04,62.81,69.76,98.67,96.57,67.44,96.12,23.15,11.63,86.38,89.92,83.83,79.62,7.67,1.95,6.22,0.99,6.6,4.89,233.41,171.4
KARNATAKA,Belagavi,Gadag,GADAG,2024-25,904,703,77.77,22.23,65.49,147888.0,101925.0,3612.0,28.22,47.04,64.45,99.57,100.0,77.52,94.17,84.5,13.66,98.29,96.73,93.03,84.64,7.11,1.5,6.15,1.05,8.69,4.62,230.23,145.0
KARNATAKA,Mysuru,Hassan,HASSAN,2024-25,2533,2237,88.31,11.69,88.67,171859.0,76675.0,5559.0,13.79,52.96,51.83,98.75,100.0,54.89,97.63,18.33,4.96,89.99,98.12,94.99,93.88,5.87,1.3,2.39,0.86,11.66,6.54,235.77,34.3
KARNATAKA,Belagavi,Haveri,HAVERI,2024-25,1566,1287,82.18,17.82,80.33,224525.0,153686.0,5848.0,26.28,46.43,68.25,98.99,98.14,71.17,95.88,20.67,11.34,89.67,93.78,95.26,76.38,9.04,1.35,4.5,1.21,6.51,4.5,229.59,119.4
KARNATAKA,Kalaburagi,Kalaburagi,KALBURGI,2024-25,3011,2065,68.58,31.42,68.71,437048.0,252571.0,8305.0,30.41,50.67,58.27,94.72,95.3,54.62,76.8,16.08,7.75,79.9,68.72,60.48,81.21,11.54,1.4,5.09,0.83,4.47,2.27,227.8,122.3
KARNATAKA,Mysuru,Kodagu,KODAGU,2024-25,519,402,77.46,22.54,91.91,66171.0,24612.0,1351.0,18.22,74.32,66.03,99.25,100.0,95.02,84.08,24.38,16.17,97.01,98.26,99.0,95.77,4.12,2.3,4.35,1.14,6.04,6.36,231.1,61.2
KARNATAKA,Bengaluru,Kolar,KOLAR,2024-25,2199,1836,83.49,16.51,85.54,179889.0,74233.0,4748.0,15.63,56.68,53.92,98.91,99.56,32.03,93.95,24.13,5.45,63.07,93.41,82.03,89.38,3.73,1.4,2.53,1.88,6.56,4.94,235.19,40.4
KARNATAKA,Kalaburagi,Koppal,KOPPAL,2024-25,1380,1059,76.74,23.26,76.52,245008.0,180164.0,4643.0,38.8,42.64,72.02,95.0,94.43,57.88,93.86,30.88,8.88,84.42,88.67,86.12,89.33,10.64,1.56,5.36,0.78,4.56,3.44,230.34,170.1
KARNATAKA,Mysuru,Mandya,MANDYA,2024-25,1924,1612,83.78,16.22,88.1,161886.0,75175.0,4288.0,17.53,52.68,57.84,99.26,99.94,70.72,98.14,42.43,7.82,98.45,88.4,90.38,93.98,6.21,1.5,3.14,0.81,5.73,4.98,230.62,46.6
KARNATAKA,Mysuru,Mysuru,MYSURU,2024-25,2661,2065,77.6,22.32,77.49,372867.0,146232.0,7626.0,19.18,57.54,61.95,99.9,100.0,92.15,97.72,90.31,14.14,96.27,98.21,98.35,90.75,6.9,1.73,3.63,1.94,10.12,7.25,234.73,70.8
KARNATAKA,Kalaburagi,Raichur,RAICHUR,2024-25,2144,1577,73.55,26.45,72.53,340972.0,231032.0,5609.0,41.19,46.46,73.79,96.32,93.09,43.5,91.82,20.48,8.43,72.54,83.7,68.61,89.54,14.75,1.66,4.72,0.7,5.04,3.08,230.15,146.5
KARNATAKA,Bengaluru,Ramanagara,RAMANAGARA,2024-25,1412,1204,85.27,14.73,83.43,112660.0,52316.0,2773.0,18.87,57.34,56.65,99.5,100.0,39.45,97.67,28.99,8.89,91.36,92.77,92.44,90.61,5.57,1.49,2.6,0.76,10.62,5.82,230.62,43.5
KARNATAKA,Bengaluru,Shivamogga,SHIVAMOGGA,2024-25,2278,1949,85.56,14.44,78.97,208957.0,110065.0,6267.0,17.56,55.61,66.33,99.64,99.9,79.63,90.46,57.57,7.59,89.33,93.79,91.12,88.81,6.74,1.38,3.63,1.38,6.68,5.32,234.48,56.5
KARNATAKA,Bengaluru,Tumakuru,TUMAKURU,2024-25,2380,2103,88.36,11.64,87.18,176644.0,84460.0,5284.0,15.98,59.46,47.22,99.1,99.9,44.17,97.62,27.1,8.08,86.97,96.05,91.35,91.2,2.63,1.33,2.48,0.65,6.92,5.78,237.87,40.2
KARNATAKA,Bengaluru,Tumakuru,TUMAKURU MADHUGIRI,2024-25,1420,1285,90.49,9.51,91.83,103606.0,61239.0,3325.0,18.42,47.49,61.11,97.82,100.0,53.54,97.67,27.78,7.32,81.95,98.37,95.56,94.01,4.96,1.36,2.62,1.72,10.15,6.23,237.28,47.7
KARNATAKA,Mysuru,Udupi,UDUPI,2024-25,882,717,81.29,18.71,86.62,146247.0,58730.0,2383.0,24.65,69.91,67.48,100.0,100.0,94.14,77.13,56.49,14.92,97.91,98.19,99.86,97.49,8.62,1.83,4.44,0.82,5.18,6.82,228.93,81.9
KARNATAKA,Belagavi,Uttara Kannada,UTTARA KANNADA,2024-25,1062,964,90.77,9.23,85.22,84873.0,49392.0,3003.0,16.45,69.16,65.67,99.9,100.0,59.23,60.79,15.35,6.22,93.26,97.93,99.38,90.77,2.55,1.46,3.11,0.61,7.41,7.61,237.75,51.2
KARNATAKA,Belagavi,Uttara Kannada,UTTARA KANNADA SIRSI,2024-25,1194,1132,94.81,5.19,88.44,84348.0,65550.0,3078.0,21.3,63.19,70.76,99.2,100.0,95.94,70.94,10.16,4.86,95.85,90.72,94.7,90.11,8.08,1.36,2.66,0.51,4.09,4.28,235.27,57.9
KARNATAKA,Kalaburagi,Vijayanagara,VIJAYANAGARA,2024-25,1348,1035,76.78,23.22,74.93,206571.0,139169.0,4788.0,29.07,42.86,67.42,95.75,95.85,45.02,95.07,14.78,10.34,84.35,77.0,79.61,91.88,17.91,1.5,4.8,0.85,5.57,3.66,231.18,134.5
KARNATAKA,Belagavi,Vijayapura,VIJAYAPURA,2024-25,2943,2024,68.77,31.23,72.71,416813.0,256842.0,9234.0,27.81,41.74,55.6,92.39,97.38,80.78,80.58,22.97,9.09,83.1,81.67,73.81,81.87,4.47,1.18,4.47,0.8,6.18,3.55,229.29,126.9
KARNATAKA,Kalaburagi,Yadgir,YADAGIRI,2024-25,1363,1004,73.66,26.34,74.47,205933.0,147590.0,3194.0,46.21,41.55,68.19,90.94,76.79,44.62,68.73,13.45,6.97,82.97,74.8,67.73,86.45,8.21,1.32,4.45,1.14,4.66,2.57,228.61,147.0
